ISO-10303-21;
HEADER;
FILE_DESCRIPTION(('STEP AP203'),
    '1');
FILE_NAME('Корпус2',
    '',
    ('UNSPECIFIED'),
    ('UNSPECIFIED'),
    'C3D Converter',
    'C3D Toolkit',
    '');
FILE_SCHEMA(('CONFIG_CONTROL_DESIGN'));
ENDSEC;

DATA;
#1=PRODUCT_DEFINITION('','UNSPECIFIED',#31,#34);
#2=SHAPE_DEFINITION_REPRESENTATION(#29,#3);
#3=SHAPE_REPRESENTATION('NONE',(#4),#8);
#4=AXIS2_PLACEMENT_3D('',#5,#6,#7);
#5=CARTESIAN_POINT('',(0.,0.,0.));
#6=DIRECTION('',(0.,0.,1.));
#7=DIRECTION('',(1.,0.,0.));
#8=(GEOMETRIC_REPRESENTATION_CONTEXT(3)GLOBAL_UNCERTAINTY_ASSIGNED_CONTEXT((#10))
GLOBAL_UNIT_ASSIGNED_CONTEXT((#9,#11,#12))REPRESENTATION_CONTEXT('NONE','NONE'));
#9=(LENGTH_UNIT()NAMED_UNIT(*)SI_UNIT(.MILLI.,.METRE.));
#10=UNCERTAINTY_MEASURE_WITH_UNIT(LENGTH_MEASURE(1.E-5),#9,'NONE','NONE');
#11=(NAMED_UNIT(*)PLANE_ANGLE_UNIT()SI_UNIT($,.RADIAN.));
#12=(NAMED_UNIT(*)SI_UNIT($,.STERADIAN.)SOLID_ANGLE_UNIT());
#13=MANIFOLD_SOLID_BREP('',#14);
#14=CLOSED_SHELL('',(#56,#57,#58,#59,#60,#61,#62,#63,#64,#65,#66,#67,#68,#69,#70,
#71,#72,#73,#74,#75,#76,#77,#78,#79,#80,#81,#82,#83,#84,#85,#86,#87,#88,#89,#90,
#91,#92,#93,#94,#95,#96));
#15=COLOUR_RGB('',0.564705882352941,0.564705882352941,0.564705882352941);
#16=FILL_AREA_STYLE_COLOUR('',#15);
#17=FILL_AREA_STYLE($,(#16));
#18=SURFACE_STYLE_FILL_AREA(#17);
#19=SURFACE_SIDE_STYLE('',(#18));
#20=SURFACE_STYLE_USAGE(.BOTH.,#19);
#21=PRESENTATION_STYLE_ASSIGNMENT((#20));
#22=MECHANICAL_DESIGN_GEOMETRIC_PRESENTATION_REPRESENTATION('NONE',(#23,#102,#109,
#115),#8);
#23=STYLED_ITEM('',(#21),#13);
#24=ADVANCED_BREP_SHAPE_REPRESENTATION('NONE',(#13),#8);
#25=SHAPE_REPRESENTATION_RELATIONSHIP('','',#3,#24);
#26=GEOMETRIC_CURVE_SET('',(#97,#104,#110));
#27=GEOMETRICALLY_BOUNDED_WIREFRAME_SHAPE_REPRESENTATION('NONE',(#26),#8);
#28=SHAPE_REPRESENTATION_RELATIONSHIP('','',#3,#27);
#29=PRODUCT_DEFINITION_SHAPE('NONE','NONE',#1);
#30=MECHANICAL_CONTEXT('NONE',#35,'mechanical');
#31=PRODUCT_DEFINITION_FORMATION_WITH_SPECIFIED_SOURCE('ANY','UNSPECIFIED',#32,.NOT_KNOWN.);
#32=PRODUCT('','\X2\041A043E0440043F04430441\X0\','NONE',(#30));
#33=PRODUCT_RELATED_PRODUCT_CATEGORY('detail','',(#32));
#34=DESIGN_CONTEXT('detailed design',#35,'design');
#35=APPLICATION_CONTEXT('configuration controlled 3d designs of mechanical parts and assemblies');
#36=APPLICATION_PROTOCOL_DEFINITION('international standard','config_control_design',
1994,#35);
#37=CC_DESIGN_DATE_AND_TIME_ASSIGNMENT(#38,#42,(#1));
#38=DATE_AND_TIME(#39,#40);
#39=CALENDAR_DATE(0,1,1);
#40=LOCAL_TIME(0,0,0.,#41);
#41=COORDINATED_UNIVERSAL_TIME_OFFSET(0,0,.AHEAD.);
#42=DATE_TIME_ROLE('creation_date');
#43=CC_DESIGN_APPROVAL(#44,(#1));
#44=APPROVAL(#45,'UNSPECIFIED');
#45=APPROVAL_STATUS('not_yet_approved');
#46=APPROVAL_DATE_TIME(#47,#44);
#47=DATE_AND_TIME(#48,#49);
#48=CALENDAR_DATE(0,1,1);
#49=LOCAL_TIME(0,0,0.,#50);
#50=COORDINATED_UNIVERSAL_TIME_OFFSET(0,0,.AHEAD.);
#51=PERSON('UNSPECIFIED','Ворк стейшон','UNSPECIFIED',('UNSPECIFIED'),('UNSPECIFIED'),
('UNSPECIFIED'));
#52=ORGANIZATION('UNSPECIFIED','UNSPECIFIED','UNSPECIFIED');
#53=PERSON_AND_ORGANIZATION(#51,#52);
#54=PERSON_AND_ORGANIZATION_ROLE('creator');
#55=CC_DESIGN_PERSON_AND_ORGANIZATION_ASSIGNMENT(#53,#54,(#31,#1));
#56=ADVANCED_FACE('',(#116),#118,.T.);
#57=ADVANCED_FACE('',(#123),#125,.F.);
#58=ADVANCED_FACE('',(#130),#132,.F.);
#59=ADVANCED_FACE('',(#137),#139,.T.);
#60=ADVANCED_FACE('',(#144,#146),#148,.T.);
#61=ADVANCED_FACE('',(#153),#155,.T.);
#62=ADVANCED_FACE('',(#160),#162,.T.);
#63=ADVANCED_FACE('',(#167),#169,.T.);
#64=ADVANCED_FACE('',(#174),#176,.T.);
#65=ADVANCED_FACE('',(#181),#183,.T.);
#66=ADVANCED_FACE('',(#188),#190,.T.);
#67=ADVANCED_FACE('',(#195),#197,.F.);
#68=ADVANCED_FACE('',(#202),#204,.T.);
#69=ADVANCED_FACE('',(#209),#211,.F.);
#70=ADVANCED_FACE('',(#392),#394,.F.);
#71=ADVANCED_FACE('',(#399),#401,.F.);
#72=ADVANCED_FACE('',(#618),#620,.T.);
#73=ADVANCED_FACE('',(#625),#627,.T.);
#74=ADVANCED_FACE('',(#632),#634,.T.);
#75=ADVANCED_FACE('',(#639),#641,.T.);
#76=ADVANCED_FACE('',(#646),#648,.T.);
#77=ADVANCED_FACE('',(#653),#655,.T.);
#78=ADVANCED_FACE('',(#660),#662,.F.);
#79=ADVANCED_FACE('',(#744),#746,.F.);
#80=ADVANCED_FACE('',(#751),#753,.T.);
#81=ADVANCED_FACE('',(#835),#837,.T.);
#82=ADVANCED_FACE('',(#842),#844,.T.);
#83=ADVANCED_FACE('',(#849),#851,.T.);
#84=ADVANCED_FACE('',(#856),#858,.T.);
#85=ADVANCED_FACE('',(#863),#865,.T.);
#86=ADVANCED_FACE('',(#870),#872,.F.);
#87=ADVANCED_FACE('',(#877),#879,.F.);
#88=ADVANCED_FACE('',(#884),#886,.F.);
#89=ADVANCED_FACE('',(#891),#893,.F.);
#90=ADVANCED_FACE('',(#898),#900,.T.);
#91=ADVANCED_FACE('',(#905),#907,.F.);
#92=ADVANCED_FACE('',(#912),#914,.T.);
#93=ADVANCED_FACE('',(#919),#921,.T.);
#94=ADVANCED_FACE('',(#926),#928,.T.);
#95=ADVANCED_FACE('',(#933),#935,.T.);
#96=ADVANCED_FACE('',(#940),#942,.T.);
#97=COMPOSITE_CURVE('',(#947,#948,#949,#950),.F.);
#98=COLOUR_RGB('',0.,0.,1.);
#99=PRESENTATION_STYLE_ASSIGNMENT((#100));
#100=CURVE_STYLE('',#101,POSITIVE_LENGTH_MEASURE(0.1),#98);
#101=PRE_DEFINED_CURVE_FONT('continuous');
#102=STYLED_ITEM('',(#99),#97);
#103=INVISIBILITY((#102,#109,#115));
#104=COMPOSITE_CURVE('',(#951,#952,#953,#954),.F.);
#105=COLOUR_RGB('',0.,0.,1.);
#106=PRESENTATION_STYLE_ASSIGNMENT((#107));
#107=CURVE_STYLE('',#108,POSITIVE_LENGTH_MEASURE(0.1),#105);
#108=PRE_DEFINED_CURVE_FONT('continuous');
#109=STYLED_ITEM('',(#106),#104);
#110=COMPOSITE_CURVE('',(#955,#956,#957,#958),.F.);
#111=COLOUR_RGB('',0.,0.,1.);
#112=PRESENTATION_STYLE_ASSIGNMENT((#113));
#113=CURVE_STYLE('',#114,POSITIVE_LENGTH_MEASURE(0.1),#111);
#114=PRE_DEFINED_CURVE_FONT('continuous');
#115=STYLED_ITEM('',(#112),#110);
#116=FACE_BOUND('',#117,.T.);
#117=EDGE_LOOP('',(#959,#960,#961,#962));
#118=PLANE('',#119);
#119=AXIS2_PLACEMENT_3D('',#120,#121,#122);
#120=CARTESIAN_POINT('',(-17.5,6.78944154071202,-17.5));
#121=DIRECTION('',(-5.07530525542929E-17,-1.,0.));
#122=DIRECTION('',(1.,-5.07530525542929E-17,0.));
#123=FACE_BOUND('',#124,.T.);
#124=EDGE_LOOP('',(#963,#964,#965,#966,#967,#968,#969));
#125=CYLINDRICAL_SURFACE('',#126,4.);
#126=AXIS2_PLACEMENT_3D('',#127,#128,#129);
#127=CARTESIAN_POINT('',(-17.5,2.78944154071202,-17.5));
#128=DIRECTION('',(0.,0.,-1.));
#129=DIRECTION('',(-5.07530525542929E-17,-1.,0.));
#130=FACE_BOUND('',#131,.T.);
#131=EDGE_LOOP('',(#970,#971,#972,#973,#974,#975,#976));
#132=CYLINDRICAL_SURFACE('',#133,4.);
#133=AXIS2_PLACEMENT_3D('',#134,#135,#136);
#134=CARTESIAN_POINT('',(17.5,2.78944154071202,-17.5));
#135=DIRECTION('',(0.,0.,-1.));
#136=DIRECTION('',(1.22464679914735E-16,1.,0.));
#137=FACE_BOUND('',#138,.T.);
#138=EDGE_LOOP('',(#977,#978,#979,#980));
#139=PLANE('',#140);
#140=AXIS2_PLACEMENT_3D('',#141,#142,#143);
#141=CARTESIAN_POINT('',(17.5,-1.21055845928798,-17.5));
#142=DIRECTION('',(5.07530525542929E-17,1.,0.));
#143=DIRECTION('',(-1.,5.07530525542929E-17,0.));
#144=FACE_BOUND('',#145,.T.);
#145=EDGE_LOOP('',(#981,#982,#983,#984));
#146=FACE_BOUND('',#147,.T.);
#147=EDGE_LOOP('',(#985,#986,#987,#988));
#148=PLANE('',#149);
#149=AXIS2_PLACEMENT_3D('',#150,#151,#152);
#150=CARTESIAN_POINT('',(17.5,6.78944154071202,12.5));
#151=DIRECTION('',(0.,0.,1.));
#152=DIRECTION('',(-1.,5.07530525542929E-17,0.));
#153=FACE_BOUND('',#154,.T.);
#154=EDGE_LOOP('',(#989,#990,#991,#992,#993,#994));
#155=PLANE('',#156);
#156=AXIS2_PLACEMENT_3D('',#157,#158,#159);
#157=CARTESIAN_POINT('',(21.5,2.78944154071202,-17.5));
#158=DIRECTION('',(-7.2293592301173E-17,-1.,0.));
#159=DIRECTION('',(-1.,7.2293592301173E-17,0.));
#160=FACE_BOUND('',#161,.T.);
#161=EDGE_LOOP('',(#995,#996,#997,#998));
#162=PLANE('',#163);
#163=AXIS2_PLACEMENT_3D('',#164,#165,#166);
#164=CARTESIAN_POINT('',(17.5,7.78944154071202,-17.5));
#165=DIRECTION('',(5.07530525542929E-17,1.,0.));
#166=DIRECTION('',(-1.,5.07530525542929E-17,0.));
#167=FACE_BOUND('',#168,.T.);
#168=EDGE_LOOP('',(#999,#1000,#1001,#1002,#1003,#1004));
#169=CYLINDRICAL_SURFACE('',#170,5.);
#170=AXIS2_PLACEMENT_3D('',#171,#172,#173);
#171=CARTESIAN_POINT('',(-17.5,2.78944154071202,-17.5));
#172=DIRECTION('',(0.,0.,1.));
#173=DIRECTION('',(5.07530525542929E-17,1.,0.));
#174=FACE_BOUND('',#175,.T.);
#175=EDGE_LOOP('',(#1005,#1006,#1007,#1008));
#176=PLANE('',#177);
#177=AXIS2_PLACEMENT_3D('',#178,#179,#180);
#178=CARTESIAN_POINT('',(-17.5,-2.21055845928798,-17.5));
#179=DIRECTION('',(-5.07530525542929E-17,-1.,0.));
#180=DIRECTION('',(1.,-5.07530525542929E-17,0.));
#181=FACE_BOUND('',#182,.T.);
#182=EDGE_LOOP('',(#1009,#1010,#1011,#1012,#1013,#1014));
#183=CYLINDRICAL_SURFACE('',#184,5.);
#184=AXIS2_PLACEMENT_3D('',#185,#186,#187);
#185=CARTESIAN_POINT('',(17.5,2.78944154071202,-17.5));
#186=DIRECTION('',(0.,0.,1.));
#187=DIRECTION('',(-9.86076131526265E-33,-1.,0.));
#188=FACE_BOUND('',#189,.T.);
#189=EDGE_LOOP('',(#1015,#1016,#1017,#1018));
#190=PLANE('',#191);
#191=AXIS2_PLACEMENT_3D('',#192,#193,#194);
#192=CARTESIAN_POINT('',(-22.3989794855664,3.78944154071202,-17.5));
#193=DIRECTION('',(7.93052576589445E-17,1.,0.));
#194=DIRECTION('',(1.,-7.93052576589445E-17,0.));
#195=FACE_BOUND('',#196,.T.);
#196=EDGE_LOOP('',(#1019,#1020,#1021,#1022));
#197=PLANE('',#198);
#198=AXIS2_PLACEMENT_3D('',#199,#200,#201);
#199=CARTESIAN_POINT('',(17.5,-2.21055845928798,-66.5));
#200=DIRECTION('',(0.,0.,1.));
#201=DIRECTION('',(-1.,5.07530525542929E-17,0.));
#202=FACE_BOUND('',#203,.T.);
#203=EDGE_LOOP('',(#1023,#1024,#1025,#1026,#1027,#1028));
#204=CYLINDRICAL_SURFACE('',#205,2.);
#205=AXIS2_PLACEMENT_3D('',#206,#207,#208);
#206=CARTESIAN_POINT('',(29.5,4.78944154071202,-19.5));
#207=DIRECTION('',(1.,-6.02154860813644E-17,0.));
#208=DIRECTION('',(0.,-1.06964190538442E-31,1.));
#209=FACE_BOUND('',#210,.T.);
#210=EDGE_LOOP('',(#1029,#1030,#1031,#1032,#1033,#1034));
#211=(BOUNDED_SURFACE()B_SPLINE_SURFACE(3,2,(
(#212,#213,#214),
(#215,#216,#217),
(#218,#219,#220),
(#221,#222,#223),
(#224,#225,#226),
(#227,#228,#229),
(#230,#231,#232),
(#233,#234,#235),
(#236,#237,#238),
(#239,#240,#241),
(#242,#243,#244),
(#245,#246,#247),
(#248,#249,#250),
(#251,#252,#253),
(#254,#255,#256),
(#257,#258,#259),
(#260,#261,#262),
(#263,#264,#265),
(#266,#267,#268),
(#269,#270,#271),
(#272,#273,#274),
(#275,#276,#277),
(#278,#279,#280),
(#281,#282,#283),
(#284,#285,#286),
(#287,#288,#289),
(#290,#291,#292),
(#293,#294,#295),
(#296,#297,#298),
(#299,#300,#301),
(#302,#303,#304),
(#305,#306,#307),
(#308,#309,#310),
(#311,#312,#313),
(#314,#315,#316),
(#317,#318,#319),
(#320,#321,#322),
(#323,#324,#325),
(#326,#327,#328),
(#329,#330,#331),
(#332,#333,#334),
(#335,#336,#337),
(#338,#339,#340),
(#341,#342,#343),
(#344,#345,#346),
(#347,#348,#349),
(#350,#351,#352),
(#353,#354,#355),
(#356,#357,#358),
(#359,#360,#361),
(#362,#363,#364),
(#365,#366,#367),
(#368,#369,#370),
(#371,#372,#373),
(#374,#375,#376),
(#377,#378,#379),
(#380,#381,#382),
(#383,#384,#385),
(#386,#387,#388),
(#389,#390,#391)),
.UNSPECIFIED.,.F.,.F.,.F.)B_SPLINE_SURFACE_WITH_KNOTS((4,1,1,1,1,1,1,1,1,1,1,1,1,
1,1,1,1,1,1,1,1,1,1,1,1,1,1,1,1,1,1,1,1,1,1,1,1,1,1,1,1,1,1,1,1,1,1,1,1,1,1,1,1,
1,1,1,1,4),
(3,3),
(-4.03962265412567,-3.71690502917472,-3.56107252446245,-3.39979950416832,-3.16646193517401,
-2.82374489415927,-2.34425077385288,-1.74345149893067,-1.03512684763177,-0.206292293375889,
0.713685367054596,1.78804282160755,2.79562333764861,3.71049944897716,4.5235963784833,
5.16296385421045,5.71430600603264,6.16572385874169,6.60769620953868,7.10161918098861,
7.56758021146648,7.9753857097443,8.34197434319548,8.70856297664665,9.08277925365929,
9.46199099508213,9.88408412543749,10.3220473323562,10.7813004689226,11.2158929156231,
11.6532341004386,12.1012670619986,12.5691170099521,13.0548865574212,13.5452128126922,
14.1711726271035,14.961282948741,15.9645112886917,17.0677578256014,18.2231738492538,
19.4375966001444,20.5709805897018,21.5276339102315,22.343820478308,23.0061689078028,
23.6308803897437,24.1751565340885,24.7098434606424,25.1091024125706,25.3347363190771,
25.5322703971888,25.6470700955509,25.7618697939131,25.9523152775276,26.14883753587,
26.2393461962948,26.2862947807336,26.3231603189193),
(0.,1.),
.UNSPECIFIED.)GEOMETRIC_REPRESENTATION_ITEM()RATIONAL_B_SPLINE_SURFACE((
(1.,0.707106636686511,1.),
(1.,0.707066234109125,1.),
(1.,0.707144484465526,1.),
(1.,0.707331190116294,1.),
(1.,0.707477891254684,1.),
(1.,0.707750597470756,1.),
(1.,0.708463405205755,1.),
(1.,0.709617211487484,1.),
(1.,0.711631585045179,1.),
(1.,0.714710890848332,1.),
(1.,0.719052670848161,1.),
(1.,0.724843532416116,1.),
(1.,0.731557268462913,1.),
(1.,0.738217506566175,1.),
(1.,0.743654891908579,1.),
(1.,0.747359679258742,1.),
(1.,0.749408911006372,1.),
(1.,0.750114642285745,1.),
(1.,0.749892483239499,1.),
(1.,0.748810388793726,1.),
(1.,0.746698594673174,1.),
(1.,0.743510845973095,1.),
(1.,0.739597362467995,1.),
(1.,0.735090814828793,1.),
(1.,0.729876013505603,1.),
(1.,0.723737336353969,1.),
(1.,0.716348098688538,1.),
(1.,0.707530003982772,1.),
(1.,0.69701081196412,1.),
(1.,0.685324967008712,1.),
(1.,0.672605144347847,1.),
(1.,0.659055263386385,1.),
(1.,0.644379289569394,1.),
(1.,0.628379951029588,1.),
(1.,0.611073882097669,1.),
(1.,0.591067148453156,1.),
(1.,0.566369577156407,1.),
(1.,0.533658906755036,1.),
(1.,0.492803473912663,1.),
(1.,0.444948509428701,1.),
(1.,0.392312347292147,1.),
(1.,0.337801435577171,1.),
(1.,0.285365233090249,1.),
(1.,0.238601067902232,1.),
(1.,0.199028322774878,1.),
(1.,0.164717815838959,1.),
(1.,0.134602819486186,1.),
(1.,0.106505741981864,1.),
(1.,0.0821258050387404,1.),
(1.,0.0632815412486067,1.),
(1.,0.0498379914080711,1.),
(1.,0.0409814621349419,1.),
(1.,0.0339031711734271,1.),
(1.,0.0268481930102692,1.),
(1.,0.0184654997378257,1.),
(1.,0.00975891253950503,1.),
(1.,0.00451496574271245,1.),
(1.,0.00122700499586656,1.),
(1.,0.000838511755859935,1.),
(1.,0.000874754906854158,1.)))REPRESENTATION_ITEM('')SURFACE());
#212=CARTESIAN_POINT('',(17.4998748749252,6.78944153875498,-15.4999968319558));
#213=CARTESIAN_POINT('',(17.4999205688673,6.7894415402271,-17.5000001729813));
#214=CARTESIAN_POINT('',(17.5000288217399,4.78944145580718,-17.5));
#215=CARTESIAN_POINT('',(17.5427123712725,6.78944287794117,-15.4999952324185));
#216=CARTESIAN_POINT('',(17.5427520060314,6.78944239981282,-17.5002784611076));
#217=CARTESIAN_POINT('',(17.5214343715097,4.78972597200563,-17.5000000023709));
#218=CARTESIAN_POINT('',(17.6065012430451,6.78842050972186,-15.4999988634476));
#219=CARTESIAN_POINT('',(17.6062690762053,6.78842350234946,-17.4996983123859));
#220=CARTESIAN_POINT('',(17.5532879593127,4.78912763839476,-17.4999999606923));
#221=CARTESIAN_POINT('',(17.6946318218521,6.78489662616812,-15.500002747712));
#222=CARTESIAN_POINT('',(17.6911192051603,6.78503910322332,-17.4989026970508));
#223=CARTESIAN_POINT('',(17.5972489379806,4.78831903004194,-17.5000002691836));
#224=CARTESIAN_POINT('',(17.7724399437003,6.78046021014428,-15.4999974226671));
#225=CARTESIAN_POINT('',(17.7640123112893,6.78097938717241,-17.4978894993638));
#226=CARTESIAN_POINT('',(17.6361552673211,4.78719054118631,-17.5000010994127));
#227=CARTESIAN_POINT('',(17.8758629829701,6.77234274725762,-15.499990552567));
#228=CARTESIAN_POINT('',(17.8614625880156,6.77363098851378,-17.496067654774));
#229=CARTESIAN_POINT('',(17.6879214887884,4.78517498813662,-17.5000039838864));
#230=CARTESIAN_POINT('',(18.0175173868146,6.75697357007117,-15.49999529862));
#231=CARTESIAN_POINT('',(18.0004529410481,6.75914064466354,-17.4924919219533));
#232=CARTESIAN_POINT('',(17.75887850542,4.78132468493659,-17.5000143218206));
#233=CARTESIAN_POINT('',(18.2051848821377,6.72874388714029,-15.5001391932841));
#234=CARTESIAN_POINT('',(18.186646333376,6.73201113101211,-17.485866022855));
#235=CARTESIAN_POINT('',(17.8524591664612,4.77426570882198,-17.5000507412611));
#236=CARTESIAN_POINT('',(18.4386575359226,6.68072035772225,-15.5002689570747));
#237=CARTESIAN_POINT('',(18.4176778780097,6.68561353144344,-17.4748117519485));
#238=CARTESIAN_POINT('',(17.9694420517805,4.76226830775881,-17.500165917461));
#239=CARTESIAN_POINT('',(18.7149457974124,6.60468374313738,-15.5010451930435));
#240=CARTESIAN_POINT('',(18.688423108663,6.61281204027224,-17.4581193383554));
#241=CARTESIAN_POINT('',(18.107326502549,4.74324731274773,-17.5004893114045));
#242=CARTESIAN_POINT('',(19.0307075447643,6.49082724892231,-15.5025437674425));
#243=CARTESIAN_POINT('',(18.9903285824904,6.5067193176218,-17.435347434227));
#244=CARTESIAN_POINT('',(18.265448065649,4.7147927460284,-17.501298430567));
#245=CARTESIAN_POINT('',(19.3752386267394,6.33033442107644,-15.5062468179614));
#246=CARTESIAN_POINT('',(19.3227983055317,6.35720634294537,-17.4064393387181));
#247=CARTESIAN_POINT('',(18.4375829674283,4.67466286794317,-17.5031128725448));
#248=CARTESIAN_POINT('',(19.729662493491,6.11944081838883,-15.5134459389241));
#249=CARTESIAN_POINT('',(19.6567709498575,6.1669937442706,-17.3755736680134));
#250=CARTESIAN_POINT('',(18.6148627149226,4.62194314964106,-17.5067334420727));
#251=CARTESIAN_POINT('',(20.0644372777986,5.86866783073738,-15.5258360425303));
#252=CARTESIAN_POINT('',(19.9679302318522,5.94715416234915,-17.3490912048455));
#253=CARTESIAN_POINT('',(18.7821975364402,4.55924743404709,-17.5129107027025));
#254=CARTESIAN_POINT('',(20.3565419672728,5.59816828497705,-15.5437721477258));
#255=CARTESIAN_POINT('',(20.2319113527327,5.72352447398134,-17.3326664359498));
#256=CARTESIAN_POINT('',(18.9282897705867,4.49162448504671,-17.5218929998628));
#257=CARTESIAN_POINT('',(20.5961484203554,5.32948332527879,-15.5664242200339));
#258=CARTESIAN_POINT('',(20.4450475505357,5.51270035360468,-17.3277354425831));
#259=CARTESIAN_POINT('',(19.0480674127276,4.42445135400576,-17.5332097212622));
#260=CARTESIAN_POINT('',(20.783674812807,5.07964916949417,-15.5917840142125));
#261=CARTESIAN_POINT('',(20.6137155242069,5.32327705949465,-17.332469066482));
#262=CARTESIAN_POINT('',(19.1418519809532,4.36199436821722,-17.5458978269632));
#263=CARTESIAN_POINT('',(20.9299475060347,4.85250309381175,-15.6184922453143));
#264=CARTESIAN_POINT('',(20.7439834693346,5.16122822123176,-17.3436973093419));
#265=CARTESIAN_POINT('',(19.2149683151052,4.30520639188297,-17.5592440972626));
#266=CARTESIAN_POINT('',(21.0489039469938,4.63970272190353,-15.646624682901));
#267=CARTESIAN_POINT('',(20.8534119365403,5.01285023167932,-17.3600027291125));
#268=CARTESIAN_POINT('',(19.2744509972137,4.25200724015264,-17.5733115313952));
#269=CARTESIAN_POINT('',(21.1510693366965,4.42888885085341,-15.6775466874345));
#270=CARTESIAN_POINT('',(20.9530985446643,4.8668749693661,-17.3817797179864));
#271=CARTESIAN_POINT('',(19.3255449634803,4.19930229160939,-17.5887790295956));
#272=CARTESIAN_POINT('',(21.2403410835942,4.2135761744763,-15.712460205204));
#273=CARTESIAN_POINT('',(21.0480843684645,4.71621776697684,-17.4109118856484));
#274=CARTESIAN_POINT('',(19.3701411066126,4.1454787688861,-17.6062132699703));
#275=CARTESIAN_POINT('',(21.3149588254496,3.99883333096147,-15.7505901193297));
#276=CARTESIAN_POINT('',(21.1348136771291,4.56702513007695,-17.4470272441234));
#277=CARTESIAN_POINT('',(19.4075621085066,4.09177864226455,-17.6253432378421));
#278=CARTESIAN_POINT('',(21.3739619309569,3.79269880056418,-15.7908263007449));
#279=CARTESIAN_POINT('',(21.2088298126229,4.43014022309853,-17.4867172616345));
#280=CARTESIAN_POINT('',(19.4368801333174,4.04026487449298,-17.6453578957972));
#281=CARTESIAN_POINT('',(21.4194930574988,3.5959040659725,-15.8321106764503));
#282=CARTESIAN_POINT('',(21.2734043764479,4.30297970915657,-17.5293886229536));
#283=CARTESIAN_POINT('',(19.4596383790176,3.99103506611237,-17.666025462621));
#284=CARTESIAN_POINT('',(21.4541928045838,3.40331561677792,-15.8754346446311));
#285=CARTESIAN_POINT('',(21.3325945250328,4.17951965794928,-17.576449273127));
#286=CARTESIAN_POINT('',(19.4770978207212,3.94288193063546,-17.6877464214965));
#287=CARTESIAN_POINT('',(21.4796776055435,3.20826502490118,-15.9226209822009));
#288=CARTESIAN_POINT('',(21.3888706258227,4.05539570702162,-17.6298259909305));
#289=CARTESIAN_POINT('',(19.4898269176239,3.89416946651909,-17.7112823085267));
#290=CARTESIAN_POINT('',(21.4960637569198,3.00407011962113,-15.9754626222603));
#291=CARTESIAN_POINT('',(21.4445374699114,3.92601169050298,-17.6922643743897));
#292=CARTESIAN_POINT('',(19.4980060303491,3.84308280986422,-17.7377354394871));
#293=CARTESIAN_POINT('',(21.5020020490478,2.78991145043651,-16.0349746680996));
#294=CARTESIAN_POINT('',(21.499512182854,3.79167663908853,-17.7650898004174));
#295=CARTESIAN_POINT('',(19.5010282333319,3.78957043420842,-17.7674900929871));
#296=CARTESIAN_POINT('',(21.4960134982355,2.56904769228758,-16.101054305951));
#297=CARTESIAN_POINT('',(21.5542542542547,3.65184452261143,-17.8504266961846));
#298=CARTESIAN_POINT('',(19.4980072930909,3.73434262707115,-17.8005269622499));
#299=CARTESIAN_POINT('',(21.4776088779205,2.34806081611677,-16.1721888898924));
#300=CARTESIAN_POINT('',(21.6058433844826,3.51541307687514,-17.9440318765516));
#301=CARTESIAN_POINT('',(19.4888070554316,3.67909731214666,-17.8360947548679));
#302=CARTESIAN_POINT('',(21.4475783143231,2.13203998152089,-16.2468686841191));
#303=CARTESIAN_POINT('',(21.6548442574715,3.38345435578351,-18.0452146672813));
#304=CARTESIAN_POINT('',(19.4737865241038,3.6250906517123,-17.8734336404821));
#305=CARTESIAN_POINT('',(21.4064566445908,1.9207067316589,-16.3251717437578));
#306=CARTESIAN_POINT('',(21.7017137296701,3.25712142509329,-18.1528255694851));
#307=CARTESIAN_POINT('',(19.4532211047965,3.57225665944483,-17.9125840740769));
#308=CARTESIAN_POINT('',(21.3546387911216,1.71382437155918,-16.4072021948644));
#309=CARTESIAN_POINT('',(21.7484573472251,3.13343810650199,-18.2696404176742));
#310=CARTESIAN_POINT('',(19.4273137887182,3.52053625527622,-17.9535998699281));
#311=CARTESIAN_POINT('',(21.2915279696042,1.5088915746119,-16.4941589058454));
#312=CARTESIAN_POINT('',(21.7965945577229,3.01115145288259,-18.3977788692277));
#313=CARTESIAN_POINT('',(19.3957582422845,3.46930314826879,-17.9970780949809));
#314=CARTESIAN_POINT('',(21.2148011741082,1.30040095559816,-16.5889009603931));
#315=CARTESIAN_POINT('',(21.8471143611354,2.89105242949545,-18.5377553237462));
#316=CARTESIAN_POINT('',(19.3573968299472,3.41718089676037,-18.0444495168281));
#317=CARTESIAN_POINT('',(21.1188824381967,1.07917412435638,-16.6969490289361));
#318=CARTESIAN_POINT('',(21.9056179510773,2.76432595619418,-18.7023103276837));
#319=CARTESIAN_POINT('',(19.3094455136287,3.36187523613086,-18.0984756337614));
#320=CARTESIAN_POINT('',(20.9917233846375,0.830276823539125,-16.828851706626));
#321=CARTESIAN_POINT('',(21.9803070175948,2.62257040771299,-18.9105938862581));
#322=CARTESIAN_POINT('',(19.2458567291509,3.29964978059966,-18.1644244988032));
#323=CARTESIAN_POINT('',(20.8200062399552,0.548826779444376,-16.9935302899186));
#324=CARTESIAN_POINT('',(22.0880160162223,2.45617231310192,-19.1969678234209));
#325=CARTESIAN_POINT('',(19.1600032353292,3.22928794720948,-18.2467650837263));
#326=CARTESIAN_POINT('',(20.5957986908868,0.246037730582211,-17.193545406331));
#327=CARTESIAN_POINT('',(22.2454969048142,2.27744215022245,-19.5753154839614));
#328=CARTESIAN_POINT('',(19.0479039131628,3.15359091758022,-18.3467740891333));
#329=CARTESIAN_POINT('',(20.3223236866996,-0.0553778057443181,-17.4229747873691));
#330=CARTESIAN_POINT('',(22.4792330589209,2.10156352534747,-20.0566377872509));
#331=CARTESIAN_POINT('',(18.9111543944626,3.07823621983562,-18.4614850729363));
#332=CARTESIAN_POINT('',(20.0113875915463,-0.333282737195463,-17.6712745919174));
#333=CARTESIAN_POINT('',(22.8283340101515,1.94041278769475,-20.6547843818711));
#334=CARTESIAN_POINT('',(18.7556975855998,3.00876064604566,-18.5856385413637));
#335=CARTESIAN_POINT('',(19.6825030317747,-0.57049257900763,-17.9242552682608));
#336=CARTESIAN_POINT('',(23.3449528416428,1.804193658387,-21.3854961171857));
#337=CARTESIAN_POINT('',(18.5912468981853,2.94945799485607,-18.7121259388027));
#338=CARTESIAN_POINT('',(19.3597746040394,-0.757805467736884,-18.1658038993835));
#339=CARTESIAN_POINT('',(24.0810011578149,1.69927268397202,-22.2554152825597));
#340=CARTESIAN_POINT('',(18.4299112121296,2.90263025703641,-18.8329102067181));
#341=CARTESIAN_POINT('',(19.0647545179481,-0.895873106654646,-18.382630565418));
#342=CARTESIAN_POINT('',(25.0639220877308,1.62376574620515,-23.2612137220118));
#343=CARTESIAN_POINT('',(18.2822881515231,2.86811074420134,-18.9412847250048));
#344=CARTESIAN_POINT('',(18.8059172815361,-0.994160729700756,-18.5702625082854));
#345=CARTESIAN_POINT('',(26.3094780846345,1.57173101618952,-24.404804824337));
#346=CARTESIAN_POINT('',(18.1530441802634,2.84354275780532,-19.0351601811872));
#347=CARTESIAN_POINT('',(18.582359523074,-1.06336581709192,-18.7312690532201));
#348=CARTESIAN_POINT('',(27.9077023507005,1.53453390984596,-25.7641770380122));
#349=CARTESIAN_POINT('',(18.041069916167,2.82623780833003,-19.1155965821715));
#350=CARTESIAN_POINT('',(18.3820500168608,-1.11369917178378,-18.8743337878822));
#351=CARTESIAN_POINT('',(30.0475082872434,1.50768756423401,-27.4802802547125));
#352=CARTESIAN_POINT('',(17.9411577847285,2.8136583978742,-19.1872127340235));
#353=CARTESIAN_POINT('',(18.2029059400089,-1.14959091655402,-19.0020577499112));
#354=CARTESIAN_POINT('',(33.1415764675308,1.48776151956789,-29.8583970107402));
#355=CARTESIAN_POINT('',(17.8514505039475,2.80468328332817,-19.2510275651364));
#356=CARTESIAN_POINT('',(18.0475499906043,-1.17375888582689,-19.1124284503801));
#357=CARTESIAN_POINT('',(37.5822327468016,1.47463266935495,-33.1603957502619));
#358=CARTESIAN_POINT('',(17.7737407370987,2.7986411926506,-19.3062022429073));
#359=CARTESIAN_POINT('',(17.9249756384649,-1.18838682954161,-19.1992706652702));
#360=CARTESIAN_POINT('',(43.4967834591483,1.46729657678142,-37.468186754902));
#361=CARTESIAN_POINT('',(17.7125135608994,2.79498461069058,-19.3496443559073));
#362=CARTESIAN_POINT('',(17.8358201622053,-1.1966654318398,-19.2624506016811));
#363=CARTESIAN_POINT('',(50.4944858544171,1.46315880335422,-42.4920671073126));
#364=CARTESIAN_POINT('',(17.6679019993278,2.79291475007388,-19.3812224541766));
#365=CARTESIAN_POINT('',(17.771440710308,-1.2014513734516,-19.307996599303));
#366=CARTESIAN_POINT('',(56.4753588667029,1.46090570170409,-46.8125792609222));
#367=CARTESIAN_POINT('',(17.6357257501367,2.79171834557765,-19.4040002021728));
#368=CARTESIAN_POINT('',(17.7216527596612,-1.20450142158411,-19.3432497537087));
#369=CARTESIAN_POINT('',(65.7098201238876,1.45941699145973,-53.3003084351613));
#370=CARTESIAN_POINT('',(17.6108299986312,2.79095579579235,-19.4216261528472));
#371=CARTESIAN_POINT('',(17.672551590735,-1.20693953472137,-19.3779215070984));
#372=CARTESIAN_POINT('',(76.1068895706513,1.45800772622351,-61.1528097702902));
#373=CARTESIAN_POINT('',(17.5862759504585,2.79034633210908,-19.4389608056097));
#374=CARTESIAN_POINT('',(17.6213339350548,-1.20885677008142,-19.4145786711809));
#375=CARTESIAN_POINT('',(98.5233501228222,1.45729689303424,-72.9314714972551));
#376=CARTESIAN_POINT('',(17.5606666528338,2.78986653164161,-19.4572892338177));
#377=CARTESIAN_POINT('',(17.5692081710119,-1.21003400177347,-19.4498307343245));
#378=CARTESIAN_POINT('',(223.170615181038,1.45355178775492,-185.655160785748));
#379=CARTESIAN_POINT('',(17.5346041901525,2.78957405741717,-19.4749153747274));
#380=CARTESIAN_POINT('',(17.535103578926,-1.21044078435826,-19.4763168192462));
#381=CARTESIAN_POINT('',(283.882517380328,1.47884324351383,-146.766089335197));
#382=CARTESIAN_POINT('',(17.5175517762607,2.78946965423851,-19.4881584321163));
#383=CARTESIAN_POINT('',(17.5112251609303,-1.21055242312898,-19.4907178450573));
#384=CARTESIAN_POINT('',(1825.03034565913,1.11162861170482,-1673.91826117533));
#385=CARTESIAN_POINT('',(17.5056126366772,2.78944493268183,-19.4953589118343));
#386=CARTESIAN_POINT('',(17.5025397544696,-1.21055848601594,-19.4971954663747));
#387=CARTESIAN_POINT('',(803.567967860814,0.824831341202043,-494.63992568719));
#388=CARTESIAN_POINT('',(17.5012698968092,2.7894415422038,-19.4985977158983));
#389=CARTESIAN_POINT('',(17.4999999517188,-1.21055845928798,-19.5000000328118));
#390=CARTESIAN_POINT('',(289.778873185037,0.55899691415035,136.460608994729));
#391=CARTESIAN_POINT('',(17.4999999758592,2.78944154071202,-19.5000000164061));
#392=FACE_BOUND('',#393,.T.);
#393=EDGE_LOOP('',(#1035,#1036,#1037,#1038));
#394=CYLINDRICAL_SURFACE('',#395,2.);
#395=AXIS2_PLACEMENT_3D('',#396,#397,#398);
#396=CARTESIAN_POINT('',(-25.5,4.78944154071202,-15.5));
#397=DIRECTION('',(1.,-3.483052626275E-17,0.));
#398=DIRECTION('',(1.54678608866865E-32,4.44089209850063E-16,-1.));
#399=FACE_BOUND('',#400,.T.);
#400=EDGE_LOOP('',(#1039,#1040,#1041,#1042,#1043,#1044));
#401=(BOUNDED_SURFACE()B_SPLINE_SURFACE(3,2,(
(#402,#403,#404),
(#405,#406,#407),
(#408,#409,#410),
(#411,#412,#413),
(#414,#415,#416),
(#417,#418,#419),
(#420,#421,#422),
(#423,#424,#425),
(#426,#427,#428),
(#429,#430,#431),
(#432,#433,#434),
(#435,#436,#437),
(#438,#439,#440),
(#441,#442,#443),
(#444,#445,#446),
(#447,#448,#449),
(#450,#451,#452),
(#453,#454,#455),
(#456,#457,#458),
(#459,#460,#461),
(#462,#463,#464),
(#465,#466,#467),
(#468,#469,#470),
(#471,#472,#473),
(#474,#475,#476),
(#477,#478,#479),
(#480,#481,#482),
(#483,#484,#485),
(#486,#487,#488),
(#489,#490,#491),
(#492,#493,#494),
(#495,#496,#497),
(#498,#499,#500),
(#501,#502,#503),
(#504,#505,#506),
(#507,#508,#509),
(#510,#511,#512),
(#513,#514,#515),
(#516,#517,#518),
(#519,#520,#521),
(#522,#523,#524),
(#525,#526,#527),
(#528,#529,#530),
(#531,#532,#533),
(#534,#535,#536),
(#537,#538,#539),
(#540,#541,#542),
(#543,#544,#545),
(#546,#547,#548),
(#549,#550,#551),
(#552,#553,#554),
(#555,#556,#557),
(#558,#559,#560),
(#561,#562,#563),
(#564,#565,#566),
(#567,#568,#569),
(#570,#571,#572),
(#573,#574,#575),
(#576,#577,#578),
(#579,#580,#581),
(#582,#583,#584),
(#585,#586,#587),
(#588,#589,#590),
(#591,#592,#593),
(#594,#595,#596),
(#597,#598,#599),
(#600,#601,#602),
(#603,#604,#605),
(#606,#607,#608),
(#609,#610,#611),
(#612,#613,#614),
(#615,#616,#617)),
.UNSPECIFIED.,.F.,.F.,.F.)B_SPLINE_SURFACE_WITH_KNOTS((4,1,1,1,1,1,1,1,1,1,1,1,1,
1,1,1,1,1,1,1,1,1,1,1,1,1,1,1,1,1,1,1,1,1,1,1,1,1,1,1,1,1,1,1,1,1,1,1,1,1,1,1,1,
1,1,1,1,1,1,1,1,1,1,1,1,1,1,1,1,4),
(3,3),
(-3.75666483756912,-3.70689361357927,-3.68200800158434,-3.65157525903306,-3.60314263629124,
-3.55496008901202,-3.5121690295416,-3.46937797007117,-3.42326655310383,-3.38798537855622,
-3.35270420400861,-3.31379858395947,-3.26055504681583,-3.19448409724298,-3.11553535191715,
-3.01089164258218,-2.91853045796504,-2.79419119413782,-2.68983315684029,-2.55656160991398,
-2.43827775842283,-2.29658455977945,-2.18008383667601,-1.9993685600782,-1.81279728943706,
-1.55941396694812,-1.28586317722679,-0.972916018542598,-0.61243523816951,-0.119202968216682,
0.552798835536426,1.40178869429193,2.36305681311115,3.39393276355134,4.37704489317717,
5.28272426579585,6.10276457977585,6.81250507413594,7.43941540030549,7.93246779408871,
8.36391147448589,8.73437671884215,9.09527839641257,9.44331434702018,9.7913502976278,
10.1669471394624,10.5448835116291,10.8782680993538,11.1644747220621,11.443929907986,
11.72338509391,12.04438695904,12.4170212880755,12.8460919286704,13.2278800022905,
13.5522997242364,13.836893344652,14.1924304060413,14.6361802032845,15.1594865169747,
15.8009386822309,16.5424641393737,17.4039312637743,18.3484034532502,19.3883403593754,
20.3632667395292,21.0789448487868,21.573108166074,21.9255681293342,22.4995728664289),
(0.,1.),
.UNSPECIFIED.)GEOMETRIC_REPRESENTATION_ITEM()RATIONAL_B_SPLINE_SURFACE((
(1.,0.000873623725192754,1.),
(1.,0.000774116501110389,1.),
(1.,0.000843752695764647,1.),
(1.,0.00235099843873229,1.),
(1.,0.00360376459371882,1.),
(1.,0.00563041485847929,1.),
(1.,0.00812303297851427,1.),
(1.,0.0106870671044704,1.),
(1.,0.0132248869173162,1.),
(1.,0.0154918541760744,1.),
(1.,0.0176951672195175,1.),
(1.,0.0198066724112222,1.),
(1.,0.0223911762885442,1.),
(1.,0.0256396548994167,1.),
(1.,0.0297364451952866,1.),
(1.,0.034927584461971,1.),
(1.,0.0407247030996797,1.),
(1.,0.0475244037216832,1.),
(1.,0.0545927784927652,1.),
(1.,0.0621731344020662,1.),
(1.,0.0692186391933727,1.),
(1.,0.0769056538612916,1.),
(1.,0.0840366924064764,1.),
(1.,0.0923475117027712,1.),
(1.,0.101451313656693,1.),
(1.,0.113000733317898,1.),
(1.,0.12645233506287,1.),
(1.,0.14245692612851,1.),
(1.,0.160533299868556,1.),
(1.,0.182697300796478,1.),
(1.,0.211491333697697,1.),
(1.,0.249344363208804,1.),
(1.,0.295494968767525,1.),
(1.,0.347603026171686,1.),
(1.,0.40107107252171,1.),
(1.,0.452108948661556,1.),
(1.,0.497941104790251,1.),
(1.,0.537624288240274,1.),
(1.,0.571285139666711,1.),
(1.,0.598492821975053,1.),
(1.,0.620511944588678,1.),
(1.,0.637976020713856,1.),
(1.,0.652924269099018,1.),
(1.,0.666114289808521,1.),
(1.,0.678243220691783,1.),
(1.,0.689725994061434,1.),
(1.,0.700632556070766,1.),
(1.,0.710345090219097,1.),
(1.,0.718264257669725,1.),
(1.,0.724636783669801,1.),
(1.,0.729962352138051,1.),
(1.,0.734805840412585,1.),
(1.,0.739325117201893,1.),
(1.,0.743483085242506,1.),
(1.,0.746677755434211,1.),
(1.,0.748640419113771,1.),
(1.,0.749696930225106,1.),
(1.,0.749994507345496,1.),
(1.,0.749982524132027,1.),
(1.,0.749008410343791,1.),
(1.,0.746929531769553,1.),
(1.,0.743394071128684,1.),
(1.,0.738244571184885,1.),
(1.,0.73174042281037,1.),
(1.,0.724401327104072,1.),
(1.,0.717487129943802,1.),
(1.,0.712413709012635,1.),
(1.,0.709526125233667,1.),
(1.,0.708130092252065,1.),
(1.,0.707350261828755,1.),
(1.,0.707234649139577,1.),
(1.,0.707106532761465,1.)))REPRESENTATION_ITEM('')SURFACE());
#402=CARTESIAN_POINT('',(-17.4999999998199,-1.21055845928798,-19.5000000240032));
#403=CARTESIAN_POINT('',(-606.869687533279,-1.14627245080602,-43.4080478847901));
#404=CARTESIAN_POINT('',(-17.4999998550808,2.78944154071202,-19.5000000120022));
#405=CARTESIAN_POINT('',(-17.5000268052155,-1.21055817554019,-19.496426005622));
#406=CARTESIAN_POINT('',(-607.037042343916,-1.03590282132645,-2518.81822736028));
#407=CARTESIAN_POINT('',(-17.500013258769,2.78944155108569,-19.4982129147272));
#408=CARTESIAN_POINT('',(-17.5022959426883,-1.2105595268896,-19.4910688542666));
#409=CARTESIAN_POINT('',(-641.655083909328,-1.2272548537294,-2851.03020597362));
#410=CARTESIAN_POINT('',(-17.5011479806166,2.78944518598755,-19.4955342988636));
#411=CARTESIAN_POINT('',(-17.5094971697358,-1.21054915832634,-19.483451155648));
#412=CARTESIAN_POINT('',(-463.71804094105,-0.286029866764235,-670.909395457432));
#413=CARTESIAN_POINT('',(-17.5047489407272,2.78945783210429,-19.4917255233439));
#414=CARTESIAN_POINT('',(-17.5187111066869,-1.21052017928468,-19.4764050979403));
#415=CARTESIAN_POINT('',(-364.843449038088,0.290902112375846,-470.663984944927));
#416=CARTESIAN_POINT('',(-17.5093562510584,2.78947505389124,-19.4882026295357));
#417=CARTESIAN_POINT('',(-17.5325724075145,-1.2104368930718,-19.4679995225613));
#418=CARTESIAN_POINT('',(-275.358146498412,0.805260447923208,-262.700499781258));
#419=CARTESIAN_POINT('',(-17.5162872272682,2.78950380311783,-19.4840000383613));
#420=CARTESIAN_POINT('',(-17.5499209511404,-1.21026108211472,-19.4587199407087));
#421=CARTESIAN_POINT('',(-208.202572328711,1.17123692343029,-175.138869567714));
#422=CARTESIAN_POINT('',(-17.5249616835884,2.78954608970514,-19.4793604161159));
#423=CARTESIAN_POINT('',(-17.5684194157045,-1.20998745073116,-19.4489353394199));
#424=CARTESIAN_POINT('',(-167.926037616849,1.35980982653253,-131.001085323997));
#425=CARTESIAN_POINT('',(-17.5342108475518,2.789602489884,-19.4744681367709));
#426=CARTESIAN_POINT('',(-17.5860280248124,-1.20964415641222,-19.4389839688456));
#427=CARTESIAN_POINT('',(-140.977871798888,1.45133735083252,-106.870042007529));
#428=CARTESIAN_POINT('',(-17.5430148577157,2.78967208561804,-19.4694923006359));
#429=CARTESIAN_POINT('',(-17.6007683520919,-1.20929745179216,-19.4287783724571));
#430=CARTESIAN_POINT('',(-122.878939849333,1.46283387331111,-93.6316121882655));
#431=CARTESIAN_POINT('',(-17.550383748749,2.78975641745616,-19.4643890313023));
#432=CARTESIAN_POINT('',(-17.6150976425236,-1.20891067765664,-19.4186018497438));
#433=CARTESIAN_POINT('',(-110.019664006821,1.46054500994846,-84.6236916693394));
#434=CARTESIAN_POINT('',(-17.5575479295586,2.7898535758289,-19.4593006078686));
#435=CARTESIAN_POINT('',(-17.6302102447044,-1.20844847037728,-19.4079249721632));
#436=CARTESIAN_POINT('',(-99.9074962211516,1.45632992175752,-77.6851894624062));
#437=CARTESIAN_POINT('',(-17.5651044022982,2.78996900526345,-19.4539622284549));
#438=CARTESIAN_POINT('',(-17.6475807371638,-1.20785025468225,-19.3956346674363));
#439=CARTESIAN_POINT('',(-90.482732302953,1.45789475401616,-70.9401478598295));
#440=CARTESIAN_POINT('',(-17.5737902158851,2.79011860647156,-19.4478172775513));
#441=CARTESIAN_POINT('',(-17.6693354700921,-1.20699694995082,-19.3802486075694));
#442=CARTESIAN_POINT('',(-81.1621143183212,1.45790753592707,-64.3499132016502));
#443=CARTESIAN_POINT('',(-17.5846684428033,2.79033191294342,-19.4401245530253));
#444=CARTESIAN_POINT('',(-17.6965662296657,-1.20576371046353,-19.3609859102488));
#445=CARTESIAN_POINT('',(-72.6649733357606,1.45870244540919,-58.30709995378));
#446=CARTESIAN_POINT('',(-17.5982830804599,2.79064023122294,-19.4304929433867));
#447=CARTESIAN_POINT('',(-17.7290558721537,-1.20404846811969,-19.3380016085261));
#448=CARTESIAN_POINT('',(-63.8944214578396,1.4596170316753,-52.0732502780198));
#449=CARTESIAN_POINT('',(-17.6145269411507,2.79106903342166,-19.4190004523441));
#450=CARTESIAN_POINT('',(-17.7680437790256,-1.20163867715048,-19.3104110398315));
#451=CARTESIAN_POINT('',(-58.0551598671268,1.4609101994833,-47.9045225771165));
#452=CARTESIAN_POINT('',(-17.6340233555952,2.7916714928673,-19.4052060374776));
#453=CARTESIAN_POINT('',(-17.8103642889186,-1.19858539536419,-19.2804596931384));
#454=CARTESIAN_POINT('',(-51.6654533850208,1.46266384065542,-43.340918441221));
#455=CARTESIAN_POINT('',(-17.6551805428146,2.79243479915936,-19.3902292812434));
#456=CARTESIAN_POINT('',(-17.8582380411393,-1.19458336039184,-19.2465621861865));
#457=CARTESIAN_POINT('',(-47.6840419952471,1.46480562543408,-40.4779111047407));
#458=CARTESIAN_POINT('',(-17.6791191763809,2.79343531618215,-19.3732811455446));
#459=CARTESIAN_POINT('',(-17.9057735385822,-1.19002014334261,-19.2128924601729));
#460=CARTESIAN_POINT('',(-43.8275397994326,1.46741354864952,-37.6995428853396));
#461=CARTESIAN_POINT('',(-17.7028861865684,2.79457611580572,-19.3564460267978));
#462=CARTESIAN_POINT('',(-17.9538600924248,-1.18482343084245,-19.1788133608098));
#463=CARTESIAN_POINT('',(-41.3201089083318,1.47017366421692,-35.8789838165935));
#464=CARTESIAN_POINT('',(-17.7269325389741,2.79587531485496,-19.339407557552));
#465=CARTESIAN_POINT('',(-18.0010230961691,-1.17915347115568,-19.1453719490561));
#466=CARTESIAN_POINT('',(-38.9272321295609,1.47350496648706,-34.135092426541));
#467=CARTESIAN_POINT('',(-17.7505166295703,2.79729282795496,-19.3226877593614));
#468=CARTESIAN_POINT('',(-18.050772551798,-1.17256854192337,-19.110079987079));
#469=CARTESIAN_POINT('',(-37.2045522512867,1.47694425303073,-32.8687081122182));
#470=CARTESIAN_POINT('',(-17.7753901122024,2.79893905618126,-19.3050413377185));
#471=CARTESIAN_POINT('',(-18.104841824824,-1.16470620616336,-19.0717043160852));
#472=CARTESIAN_POINT('',(-35.4445604435124,1.48126644272227,-31.5685877887691));
#473=CARTESIAN_POINT('',(-17.8024160965889,2.80090455794789,-19.2858504711527));
#474=CARTESIAN_POINT('',(-18.1674486985108,-1.15467281524601,-19.0272097067127));
#475=CARTESIAN_POINT('',(-33.9187250999228,1.48643494826642,-30.4290086255596));
#476=CARTESIAN_POINT('',(-17.8337346890658,2.80341305582408,-19.2636084626023));
#477=CARTESIAN_POINT('',(-18.2406731295587,-1.14167528559577,-18.9751246360089));
#478=CARTESIAN_POINT('',(-32.2938353992142,1.49371727368507,-29.2029731672081));
#479=CARTESIAN_POINT('',(-17.8703522118061,2.80666253141447,-19.2375677890526));
#480=CARTESIAN_POINT('',(-18.3298107364657,-1.12394896227182,-18.9116710414531));
#481=CARTESIAN_POINT('',(-30.801392279752,1.50318785307207,-28.0580870964852));
#482=CARTESIAN_POINT('',(-17.9148777330052,2.81109355832812,-19.2058258432093));
#483=CARTESIAN_POINT('',(-18.4328143987979,-1.10082424454791,-18.8381332926157));
#484=CARTESIAN_POINT('',(-29.3943337171908,1.51598969770852,-26.9559628935274));
#485=CARTESIAN_POINT('',(-17.966407870216,2.81687508529494,-19.1690666918568));
#486=CARTESIAN_POINT('',(-18.5546699237631,-1.06980426160449,-18.7509053031941));
#487=CARTESIAN_POINT('',(-28.1613834796208,1.5323002023916,-25.9633849142042));
#488=CARTESIAN_POINT('',(-18.027374781943,2.82463081707815,-19.1254663749577));
#489=CARTESIAN_POINT('',(-18.7034770618312,-1.02652086087843,-18.6441286105194));
#490=CARTESIAN_POINT('',(-26.9932688757983,1.55484698318445,-24.9905039927486));
#491=CARTESIAN_POINT('',(-18.1016893330632,2.83544999955219,-19.0720472995823));
#492=CARTESIAN_POINT('',(-18.894191732464,-0.962046878993364,-18.5063894500455));
#493=CARTESIAN_POINT('',(-25.8646654626353,1.58822751073014,-24.0034486533432));
#494=CARTESIAN_POINT('',(-18.197136503623,2.85157026201308,-19.0032086961945));
#495=CARTESIAN_POINT('',(-19.1357173841917,-0.864757157019207,-18.330652970123));
#496=CARTESIAN_POINT('',(-24.8021707683787,1.6403211617995,-23.0031702703754));
#497=CARTESIAN_POINT('',(-18.3178605162843,2.87589211306311,-18.9153268910218));
#498=CARTESIAN_POINT('',(-19.424338866015,-0.723169707050282,-18.1178839165912));
#499=CARTESIAN_POINT('',(-23.9145604487101,1.71821443748846,-22.0693396839229));
#500=CARTESIAN_POINT('',(-18.4621545061724,2.91128810935461,-18.8089370962175));
#501=CARTESIAN_POINT('',(-19.7420377256378,-0.530994577933095,-17.8789852612416));
#502=CARTESIAN_POINT('',(-23.23755772069,1.82710465590301,-21.24298783111));
#503=CARTESIAN_POINT('',(-18.621029246322,2.95933296806248,-18.6894959821995));
#504=CARTESIAN_POINT('',(-20.0635436508997,-0.290323884768574,-17.6302878858513));
#505=CARTESIAN_POINT('',(-22.7616008458146,1.96535704648485,-20.548652886458));
#506=CARTESIAN_POINT('',(-18.7817672741033,3.0195000047027,-18.5651424524153));
#507=CARTESIAN_POINT('',(-20.3635219433166,-0.0133615372764511,-17.3891023457914));
#508=CARTESIAN_POINT('',(-22.4403277344437,2.1264402138751,-19.981080203858));
#509=CARTESIAN_POINT('',(-18.9317505283685,3.08874002772642,-18.4445479806805));
#510=CARTESIAN_POINT('',(-20.6262507702443,0.284126091128486,-17.1670546114804));
#511=CARTESIAN_POINT('',(-22.223938866846,2.29911721695827,-19.5257365077596));
#512=CARTESIAN_POINT('',(-19.0631263475738,3.16311273473878,-18.3335275858776));
#513=CARTESIAN_POINT('',(-20.845337174355,0.586731161305091,-16.9700876550989));
#514=CARTESIAN_POINT('',(-22.0742573275588,2.47500296531741,-19.1616762220885));
#515=CARTESIAN_POINT('',(-19.1726734718564,3.23876443083738,-18.2350451778394));
#516=CARTESIAN_POINT('',(-21.0199876245035,0.880317680971665,-16.8008463476038));
#517=CARTESIAN_POINT('',(-21.9651796697206,2.64802304930061,-18.8693655615356));
#518=CARTESIAN_POINT('',(-19.2599940295034,3.31216068677464,-18.1504231721639));
#519=CARTESIAN_POINT('',(-21.1542126636321,1.15424767695375,-16.6588195797202));
#520=CARTESIAN_POINT('',(-21.8840222671683,2.80822368106828,-18.6415132912224));
#521=CARTESIAN_POINT('',(-19.3270994563513,3.3806420718569,-18.0794081031963));
#522=CARTESIAN_POINT('',(-21.2542312361604,1.40157384577232,-16.5417984823691));
#523=CARTESIAN_POINT('',(-21.8198479717145,2.95440352718514,-18.4614609240019));
#524=CARTESIAN_POINT('',(-19.3771228864754,3.4424757832968,-18.0209009134243));
#525=CARTESIAN_POINT('',(-21.3286219143032,1.62427007414587,-16.4444336912176));
#526=CARTESIAN_POINT('',(-21.767990889162,3.08306550330205,-18.3207992070483));
#527=CARTESIAN_POINT('',(-19.4143056308227,3.49814776189309,-17.9722156395029));
#528=CARTESIAN_POINT('',(-21.3848641204075,1.82931662059462,-16.3607870746657));
#529=CARTESIAN_POINT('',(-21.7215709003119,3.20425129503979,-18.2014953867504));
#530=CARTESIAN_POINT('',(-19.4424344173301,3.54941083374801,-17.9303939716472));
#531=CARTESIAN_POINT('',(-21.4285140650613,2.02785403256158,-16.2849187221922));
#532=CARTESIAN_POINT('',(-21.6777426931354,3.32166349168492,-18.0966786913375));
#533=CARTESIAN_POINT('',(-19.4642549160692,3.59904447721279,-17.8924583831061));
#534=CARTESIAN_POINT('',(-21.4618588338506,2.22618613915012,-16.2137848354191));
#535=CARTESIAN_POINT('',(-21.6336546555936,3.44065731158535,-18.0003025699768));
#536=CARTESIAN_POINT('',(-19.4809496564533,3.64863138305686,-17.856897888925));
#537=CARTESIAN_POINT('',(-21.4857639063437,2.4310714120863,-16.1450055521053));
#538=CARTESIAN_POINT('',(-21.5870914300839,3.56529306955565,-17.9087945180749));
#539=CARTESIAN_POINT('',(-19.4928097231438,3.69983614578805,-17.8224827274817));
#540=CARTESIAN_POINT('',(-21.4992720910034,2.64321892384451,-16.0781639871833));
#541=CARTESIAN_POINT('',(-21.5363936870269,3.69803548579944,-17.8211541111904));
#542=CARTESIAN_POINT('',(-19.4999112997823,3.75293354963448,-17.7891605276831));
#543=CARTESIAN_POINT('',(-21.501273384075,2.85409926844671,-16.0175090073243));
#544=CARTESIAN_POINT('',(-21.4829715912099,3.83268549450457,-17.7420199850575));
#545=CARTESIAN_POINT('',(-19.4996551450458,3.80543909944424,-17.7584706688918));
#546=CARTESIAN_POINT('',(-21.4928557242109,3.05235637538602,-15.9625571538707));
#547=CARTESIAN_POINT('',(-21.4307596608253,3.95847654739374,-17.6761234647215));
#548=CARTESIAN_POINT('',(-19.4966464374203,3.85521470316659,-17.7313343273328));
#549=CARTESIAN_POINT('',(-21.4763761306553,3.23525728547463,-15.9160537191073));
#550=CARTESIAN_POINT('',(-21.3808564611662,4.07325230040651,-17.6220111504411));
#551=CARTESIAN_POINT('',(-19.4880747622147,3.90085330383122,-17.7080175594144));
#552=CARTESIAN_POINT('',(-21.4527681037485,3.41056551339345,-15.8739528639878));
#553=CARTESIAN_POINT('',(-21.3311803829397,4.18225731439232,-17.57558379466));
#554=CARTESIAN_POINT('',(-19.4762760613153,3.94470518392289,-17.6869423268899));
#555=CARTESIAN_POINT('',(-21.4206506639,3.58950895283038,-15.8335559272937));
#556=CARTESIAN_POINT('',(-21.2767822505092,4.29598521473213,-17.5319764171798));
#557=CARTESIAN_POINT('',(-19.4602468484193,3.9894690054881,-17.6667311572516));
#558=CARTESIAN_POINT('',(-21.3764579258343,3.78328669547224,-15.7925426918971));
#559=CARTESIAN_POINT('',(-21.2135048443287,4.42131586522089,-17.4894140033842));
#560=CARTESIAN_POINT('',(-19.4382825514169,4.03789045650691,-17.6463079112644));
#561=CARTESIAN_POINT('',(-21.3169035988153,3.99306647107995,-15.7517533162029));
#562=CARTESIAN_POINT('',(-21.1360446238079,4.56507253715248,-17.4474055578411));
#563=CARTESIAN_POINT('',(-19.4084216299529,4.09035291018518,-17.6258578793427));
#564=CARTESIAN_POINT('',(-21.2427291551483,4.20694924206316,-15.7135772076531));
#565=CARTESIAN_POINT('',(-21.0487633662849,4.71501952860907,-17.4112021284113));
#566=CARTESIAN_POINT('',(-19.3713758913226,4.14381736033365,-17.6067949247406));
#567=CARTESIAN_POINT('',(-21.1605427768997,4.40636951545114,-15.6811763958202));
#568=CARTESIAN_POINT('',(-20.9594478888299,4.85669179096318,-17.3838229318646));
#569=CARTESIAN_POINT('',(-19.330266046131,4.19367285232217,-17.5905861140454));
#570=CARTESIAN_POINT('',(-21.0765039658607,4.58387942514514,-15.6547141125131));
#571=CARTESIAN_POINT('',(-20.8784538419744,4.97650935019333,-17.3652429367078));
#572=CARTESIAN_POINT('',(-19.2882369149206,4.23805188811273,-17.5773497649566));
#573=CARTESIAN_POINT('',(-20.9871472777619,4.7520964680663,-15.631541679874));
#574=CARTESIAN_POINT('',(-20.7964741625756,5.09077213813034,-17.351078909342));
#575=CARTESIAN_POINT('',(-19.2435992649429,4.2801059261087,-17.5657820178445));
#576=CARTESIAN_POINT('',(-20.8808052875372,4.93107326140252,-15.6090254016998));
#577=CARTESIAN_POINT('',(-20.700561453632,5.21630817137745,-17.3393932633729));
#578=CARTESIAN_POINT('',(-19.1903947554401,4.32484923457239,-17.55450924197));
#579=CARTESIAN_POINT('',(-20.7441962695524,5.13441469678111,-15.5860150406502));
#580=CARTESIAN_POINT('',(-20.5772502486919,5.36546417955839,-17.3309268293301));
#581=CARTESIAN_POINT('',(-19.1220905422431,4.37568457282238,-17.5430044366026));
#582=CARTESIAN_POINT('',(-20.567203088263,5.36328941924708,-15.5634442408277));
#583=CARTESIAN_POINT('',(-20.4187034938139,5.53955779818454,-17.3280872720063));
#584=CARTESIAN_POINT('',(-19.0335992667863,4.43290328533316,-17.5317213123692));
#585=CARTESIAN_POINT('',(-20.3420162313933,5.61181393693649,-15.5428501379839));
#586=CARTESIAN_POINT('',(-20.2196626269355,5.73384699702155,-17.3334700136808));
#587=CARTESIAN_POINT('',(-18.9210338335443,4.49503618842773,-17.5214349016133));
#588=CARTESIAN_POINT('',(-20.0626788484052,5.86948510587058,-15.5258243633432));
#589=CARTESIAN_POINT('',(-19.9693137356253,5.94558499316609,-17.3490587893569));
#590=CARTESIAN_POINT('',(-18.7813374871779,4.55945287908749,-17.512911751113));
#591=CARTESIAN_POINT('',(-19.7260870027318,6.12249226681213,-15.5132915823688));
#592=CARTESIAN_POINT('',(-19.6654065099676,6.16145950016559,-17.3747791015547));
#593=CARTESIAN_POINT('',(-18.6130390349696,4.62270353435296,-17.5066440793982));
#594=CARTESIAN_POINT('',(-19.339355704105,6.35150010364013,-15.5055328513572));
#595=CARTESIAN_POINT('',(-19.3012787499164,6.37022499993398,-17.4084557615332));
#596=CARTESIAN_POINT('',(-18.4196670307988,4.67995742128505,-17.5027634367248));
#597=CARTESIAN_POINT('',(-18.9286957328685,6.53442810662152,-15.5017785527956));
#598=CARTESIAN_POINT('',(-18.897367184717,6.54655621937342,-17.4433424316919));
#599=CARTESIAN_POINT('',(-18.2143521942431,4.72568275263824,-17.5008904383363));
#600=CARTESIAN_POINT('',(-18.5395045049361,6.65825646017685,-15.5004473998024));
#601=CARTESIAN_POINT('',(-18.5048055023281,6.66755675980626,-17.4704989127606));
#602=CARTESIAN_POINT('',(-18.0197501721496,4.75666141349489,-17.5002230959645));
#603=CARTESIAN_POINT('',(-18.2143173553749,6.72867717045529,-15.5000914253817));
#604=CARTESIAN_POINT('',(-18.1805744524533,6.73437019724227,-17.4863992784091));
#605=CARTESIAN_POINT('',(-17.8571582647261,4.77421972615243,-17.5000460428537));
#606=CARTESIAN_POINT('',(-17.965420477792,6.76412188579609,-15.5000155027319));
#607=CARTESIAN_POINT('',(-17.9449932145341,6.76619676864815,-17.4942694404715));
#608=CARTESIAN_POINT('',(-17.732710637957,4.78316164497516,-17.5000072129086));
#609=CARTESIAN_POINT('',(-17.7377392515493,6.78447680526229,-15.4999964361487));
#610=CARTESIAN_POINT('',(-17.7291123373822,6.78478812237457,-17.4986745848217));
#611=CARTESIAN_POINT('',(-17.6188688567271,4.78807875586614,-17.4999995465912));
#612=CARTESIAN_POINT('',(-17.5890665059553,6.78944056673357,-15.5000016786593));
#613=CARTESIAN_POINT('',(-17.5876368162492,6.78944339932692,-17.4992778441352));
#614=CARTESIAN_POINT('',(-17.5443878078219,4.78870977556472,-17.5000002728325));
#615=CARTESIAN_POINT('',(-17.499988280336,6.78944154069485,-15.4999999997727));
#616=CARTESIAN_POINT('',(-17.4999436351419,6.78944154056004,-17.5000014710054));
#617=CARTESIAN_POINT('',(-17.4999048494785,4.78944303764769,-17.5000000000006));
#618=FACE_BOUND('',#619,.T.);
#619=EDGE_LOOP('',(#1045,#1046,#1047,#1048));
#620=TOROIDAL_SURFACE('',#621,3.,2.);
#621=AXIS2_PLACEMENT_3D('',#622,#623,#624);
#622=CARTESIAN_POINT('',(-17.5,2.78944154071202,-16.5));
#623=DIRECTION('',(0.,0.,-1.));
#624=DIRECTION('',(0.979795897113271,-0.2,0.));
#625=FACE_BOUND('',#626,.T.);
#626=EDGE_LOOP('',(#1049,#1050,#1051,#1052));
#627=CYLINDRICAL_SURFACE('',#628,2.);
#628=AXIS2_PLACEMENT_3D('',#629,#630,#631);
#629=CARTESIAN_POINT('',(-25.5,5.78944154071202,-16.5));
#630=DIRECTION('',(1.,-3.483052626275E-17,0.));
#631=DIRECTION('',(0.,0.,-1.));
#632=FACE_BOUND('',#633,.T.);
#633=EDGE_LOOP('',(#1053,#1054,#1055,#1056));
#634=TOROIDAL_SURFACE('',#635,3.,2.);
#635=AXIS2_PLACEMENT_3D('',#636,#637,#638);
#636=CARTESIAN_POINT('',(17.5,2.78944154071202,-16.5));
#637=DIRECTION('',(0.,0.,-1.));
#638=DIRECTION('',(-1.,1.33226762955019E-15,0.));
#639=FACE_BOUND('',#640,.T.);
#640=EDGE_LOOP('',(#1057,#1058,#1059,#1060,#1061));
#641=CYLINDRICAL_SURFACE('',#642,2.);
#642=AXIS2_PLACEMENT_3D('',#643,#644,#645);
#643=CARTESIAN_POINT('',(-20.3284271247462,1.78944154071202,-8.5));
#644=DIRECTION('',(0.,0.,1.));
#645=DIRECTION('',(0.,1.,0.));
#646=FACE_BOUND('',#647,.T.);
#647=EDGE_LOOP('',(#1062,#1063,#1064,#1065,#1066));
#648=CYLINDRICAL_SURFACE('',#649,2.);
#649=AXIS2_PLACEMENT_3D('',#650,#651,#652);
#650=CARTESIAN_POINT('',(20.3284271247462,1.78944154071202,-8.5));
#651=DIRECTION('',(0.,0.,1.));
#652=DIRECTION('',(0.942809041582063,-0.333333333333333,0.));
#653=FACE_BOUND('',#654,.T.);
#654=EDGE_LOOP('',(#1067,#1068,#1069,#1070));
#655=CYLINDRICAL_SURFACE('',#656,2.);
#656=AXIS2_PLACEMENT_3D('',#657,#658,#659);
#657=CARTESIAN_POINT('',(28.3284271247462,1.78944154071202,-64.5));
#658=DIRECTION('',(1.,-7.83822567865284E-17,0.));
#659=DIRECTION('',(0.,0.,-1.));
#660=FACE_BOUND('',#661,.T.);
#661=EDGE_LOOP('',(#1071,#1072,#1073));
#662=(BOUNDED_SURFACE()B_SPLINE_SURFACE(3,2,(
(#663,#664,#665),
(#666,#667,#668),
(#669,#670,#671),
(#672,#673,#674),
(#675,#676,#677),
(#678,#679,#680),
(#681,#682,#683),
(#684,#685,#686),
(#687,#688,#689),
(#690,#691,#692),
(#693,#694,#695),
(#696,#697,#698),
(#699,#700,#701),
(#702,#703,#704),
(#705,#706,#707),
(#708,#709,#710),
(#711,#712,#713),
(#714,#715,#716),
(#717,#718,#719),
(#720,#721,#722),
(#723,#724,#725),
(#726,#727,#728),
(#729,#730,#731),
(#732,#733,#734),
(#735,#736,#737),
(#738,#739,#740),
(#741,#742,#743)),
.UNSPECIFIED.,.F.,.F.,.F.)B_SPLINE_SURFACE_WITH_KNOTS((4,1,1,1,1,1,1,1,1,1,1,1,1,
1,1,1,1,1,1,1,1,1,1,1,4),
(3,3),
(0.,3.56441331177309,4.93474883090206,6.27174113602638,7.54427271314454,8.74091927483997,
9.86168082111267,10.9141928456373,11.966704870162,12.9184201500899,13.7176790651578,
14.3353829903895,14.8887996827461,15.3779291422274,15.805355488669,16.2160916396269,
16.6207666233919,16.9775850148166,17.2690185878741,17.484438314274,17.6998580406738,
17.9032202611409,18.1284565781077,18.382447891942,18.6224109097735),
(0.,1.),
.UNSPECIFIED.)GEOMETRIC_REPRESENTATION_ITEM()RATIONAL_B_SPLINE_SURFACE((
(1.,1.,1.),
(1.,1.00000010401688,1.),
(1.,0.994604624976932,1.),
(1.,0.978255052226883,1.),
(1.,0.964583561632476,1.),
(1.,0.948486120441075,1.),
(1.,0.930637570176841,1.),
(1.,0.9115824443537,1.),
(1.,0.891345415842941,1.),
(1.,0.870428060501936,1.),
(1.,0.849842841676227,1.),
(1.,0.83153699823571,1.),
(1.,0.815773121139331,1.),
(1.,0.802174547519386,1.),
(1.,0.789968296270795,1.),
(1.,0.778808181462836,1.),
(1.,0.768286803016031,1.),
(1.,0.758337941006114,1.),
(1.,0.749360717380673,1.),
(1.,0.742007388638958,1.),
(1.,0.735888173905199,1.),
(1.,0.730531179855528,1.),
(1.,0.725101626834929,1.),
(1.,0.719352186411958,1.),
(1.,0.713293150191142,1.),
(1.,0.709131957600996,1.),
(1.,0.707110416206587,1.)))REPRESENTATION_ITEM('')SURFACE());
#663=CARTESIAN_POINT('',(22.2140452079103,1.12277487404535,-16.5));
#664=CARTESIAN_POINT('',(22.2140452079103,1.12277487404535,-16.5));
#665=CARTESIAN_POINT('',(22.2140452079103,1.12277487404535,-16.5));
#666=CARTESIAN_POINT('',(22.3348171504474,1.4641801348199,-16.6659492359347));
#667=CARTESIAN_POINT('',(22.3205637229468,1.42093167988523,-16.7558669548817));
#668=CARTESIAN_POINT('',(22.2986523241216,1.36172212287279,-16.8318390410749));
#669=CARTESIAN_POINT('',(22.4256671076253,1.97748921359529,-16.9016095626654));
#670=CARTESIAN_POINT('',(22.3684252192158,1.8721945859193,-17.1134173509519));
#671=CARTESIAN_POINT('',(22.3536923606701,1.72409684081923,-17.3032874162606));
#672=CARTESIAN_POINT('',(22.3839532674699,2.64046980535353,-17.1936928095996));
#673=CARTESIAN_POINT('',(22.2509303293307,2.42077558424756,-17.5357302356947));
#674=CARTESIAN_POINT('',(22.2968528068404,2.18692904434724,-17.887369656955));
#675=CARTESIAN_POINT('',(22.2978422005387,3.06759631205107,-17.3790955545538));
#676=CARTESIAN_POINT('',(22.1146944292786,2.75372210349776,-17.7919890268835));
#677=CARTESIAN_POINT('',(22.2126850873895,2.48144255366358,-18.258186689804));
#678=CARTESIAN_POINT('',(22.1645699131285,3.45952062536879,-17.5480556717076));
#679=CARTESIAN_POINT('',(21.9307587765706,3.04623789571959,-18.0207508250859));
#680=CARTESIAN_POINT('',(22.0921611793739,2.74686402065109,-18.5961211221383));
#681=CARTESIAN_POINT('',(21.9902884549053,3.81811221004923,-17.7026393852053));
#682=CARTESIAN_POINT('',(21.7136259424145,3.29044649524821,-18.2179909252255));
#683=CARTESIAN_POINT('',(21.9405506126597,2.98374101998749,-18.9052691499157));
#684=CARTESIAN_POINT('',(21.7820360210244,4.14156239778157,-17.8429280419652));
#685=CARTESIAN_POINT('',(21.4764599990884,3.4849348251503,-18.3830610246458));
#686=CARTESIAN_POINT('',(21.7640285607862,3.19043952229323,-19.1858594140245));
#687=CARTESIAN_POINT('',(21.545476218315,4.42945494958529,-17.9692751582478));
#688=CARTESIAN_POINT('',(21.2252870737789,3.63470978701909,-18.5194690149666));
#689=CARTESIAN_POINT('',(21.5676909642848,3.36641349016898,-19.4385526555268));
#690=CARTESIAN_POINT('',(21.2876605474656,4.67953080506346,-18.0809679121735));
#691=CARTESIAN_POINT('',(20.9717991170985,3.73933523495959,-18.6252570387995));
#692=CARTESIAN_POINT('',(21.3578340044824,3.51020771367297,-19.6619378262683));
#693=CARTESIAN_POINT('',(21.0247088057968,4.88464917926297,-18.1747184431426));
#694=CARTESIAN_POINT('',(20.7332705229829,3.80059035429818,-18.6983063057034));
#695=CARTESIAN_POINT('',(21.1478640706575,3.61851637068101,-19.8494342630653));
#696=CARTESIAN_POINT('',(20.7744350165285,5.04340567063966,-18.2492776852818));
#697=CARTESIAN_POINT('',(20.532911180057,3.82660499250925,-18.7399937848067));
#698=CARTESIAN_POINT('',(20.9517538506376,3.69310979981812,-19.9985544388692));
#699=CARTESIAN_POINT('',(20.5490307803793,5.16143109660234,-18.3063498859171));
#700=CARTESIAN_POINT('',(20.3702657663043,3.83169297008379,-18.7598843513904));
#701=CARTESIAN_POINT('',(20.7782828189625,3.74052236782625,-20.1127084761681));
#702=CARTESIAN_POINT('',(20.346944401934,5.24973078211381,-18.3503813671739));
#703=CARTESIAN_POINT('',(20.2379643555791,3.82522947905086,-18.7655821962243));
#704=CARTESIAN_POINT('',(20.6253898073314,3.76901998192452,-20.2007465024676));
#705=CARTESIAN_POINT('',(20.1633903257981,5.31691126864613,-18.3850029762586));
#706=CARTESIAN_POINT('',(20.126394692826,3.81199537697588,-18.7614629280876));
#707=CARTESIAN_POINT('',(20.4888253155364,3.78441950966669,-20.2700583175532));
#708=CARTESIAN_POINT('',(19.9910556106995,5.3694567731482,-18.4131016886407));
#709=CARTESIAN_POINT('',(20.0305497667877,3.79488548405881,-18.7501812992702));
#710=CARTESIAN_POINT('',(20.362683874154,3.79037103790146,-20.3260538171436));
#711=CARTESIAN_POINT('',(19.8269366581083,5.41052071271088,-18.4360473069774));
#712=CARTESIAN_POINT('',(19.9457820106658,3.77520334233016,-18.7329614682111));
#713=CARTESIAN_POINT('',(20.2446759766731,3.78878341603134,-20.3721266097575));
#714=CARTESIAN_POINT('',(19.6713958430361,5.44164916226187,-18.4544278464851));
#715=CARTESIAN_POINT('',(19.8710225944057,3.75415148181225,-18.7105646186491));
#716=CARTESIAN_POINT('',(20.1347967181889,3.78099544961917,-20.4088723234641));
#717=CARTESIAN_POINT('',(19.5298308951068,5.46358476247568,-18.4683368757171));
#718=CARTESIAN_POINT('',(19.8082576079623,3.73381249375739,-18.6851317239146));
#719=CARTESIAN_POINT('',(20.0366763671377,3.76876904685957,-20.4366339775841));
#720=CARTESIAN_POINT('',(19.4070605368801,5.47782755119501,-18.4782931847058));
#721=CARTESIAN_POINT('',(19.7601333720922,3.71664435741833,-18.660635194898));
#722=CARTESIAN_POINT('',(19.9530221339856,3.75438945696472,-20.4566480900849));
#723=CARTESIAN_POINT('',(19.3029338848456,5.48680276745655,-18.4852430327094));
#724=CARTESIAN_POINT('',(19.7219935305152,3.70226512928907,-18.6378103420093));
#725=CARTESIAN_POINT('',(19.8833970165305,3.73966384899725,-20.4703864658298));
#726=CARTESIAN_POINT('',(19.2086066964234,5.49230526364164,-18.4904151874161));
#727=CARTESIAN_POINT('',(19.6899972750228,3.6896968606965,-18.6161415926233));
#728=CARTESIAN_POINT('',(19.8211148626145,3.72435596871608,-20.4800211847429));
#729=CARTESIAN_POINT('',(19.1156007715995,5.49541355163348,-18.4944592855721));
#730=CARTESIAN_POINT('',(19.6597416145746,3.67737284304603,-18.5918634575631));
#731=CARTESIAN_POINT('',(19.760569428687,3.70748582872708,-20.4881248102418));
#732=CARTESIAN_POINT('',(19.0177694105939,5.49650246135159,-18.497548058939));
#733=CARTESIAN_POINT('',(19.628313208659,3.66437371991232,-18.5654365798291));
#734=CARTESIAN_POINT('',(19.698257588088,3.68796255614727,-20.4961834254634));
#735=CARTESIAN_POINT('',(18.9114115520984,5.4961226933622,-18.4995479875684));
#736=CARTESIAN_POINT('',(19.5950596329705,3.65066894121742,-18.5377648963675));
#737=CARTESIAN_POINT('',(19.6336515042818,3.66531844303503,-20.5047223086568));
#738=CARTESIAN_POINT('',(18.8418278041899,5.49236011044103,-18.5000000931939));
#739=CARTESIAN_POINT('',(19.5723255244302,3.64128925187864,-18.5187863145313));
#740=CARTESIAN_POINT('',(19.590258384656,3.64838570027848,-20.5105133247593));
#741=CARTESIAN_POINT('',(18.8080623309208,5.48924248905434,-18.4999999999841));
#742=CARTESIAN_POINT('',(19.5612756816262,3.63673157661699,-18.5095694477952));
#743=CARTESIAN_POINT('',(19.5682440102502,3.63933927638153,-20.5134752663346));
#744=FACE_BOUND('',#745,.T.);
#745=EDGE_LOOP('',(#1074,#1075,#1076,#1077,#1078,#1079,#1080,#1081));
#746=CYLINDRICAL_SURFACE('',#747,2.);
#747=AXIS2_PLACEMENT_3D('',#748,#749,#750);
#748=CARTESIAN_POINT('',(28.3284271257734,5.78944154071202,-20.5));
#749=DIRECTION('',(1.,-6.27058054265534E-17,0.));
#750=DIRECTION('',(0.,0.,1.));
#751=FACE_BOUND('',#752,.T.);
#752=EDGE_LOOP('',(#1082,#1083,#1084));
#753=(BOUNDED_SURFACE()B_SPLINE_SURFACE(3,2,(
(#754,#755,#756),
(#757,#758,#759),
(#760,#761,#762),
(#763,#764,#765),
(#766,#767,#768),
(#769,#770,#771),
(#772,#773,#774),
(#775,#776,#777),
(#778,#779,#780),
(#781,#782,#783),
(#784,#785,#786),
(#787,#788,#789),
(#790,#791,#792),
(#793,#794,#795),
(#796,#797,#798),
(#799,#800,#801),
(#802,#803,#804),
(#805,#806,#807),
(#808,#809,#810),
(#811,#812,#813),
(#814,#815,#816),
(#817,#818,#819),
(#820,#821,#822),
(#823,#824,#825),
(#826,#827,#828),
(#829,#830,#831),
(#832,#833,#834)),
.UNSPECIFIED.,.F.,.F.,.F.)B_SPLINE_SURFACE_WITH_KNOTS((4,1,1,1,1,1,1,1,1,1,1,1,1,
1,1,1,1,1,1,1,1,1,1,1,4),
(3,3),
(0.,3.56441331179959,4.9347488309197,6.27174113604972,7.54427271319311,8.74091927489562,
9.86168082115726,10.9141928456879,11.9667048702186,12.9184201500099,13.7176790650021,
14.3353829901822,14.8887996823829,15.3779291416041,15.8053554876115,16.2160916380543,
16.620766621788,16.9775850135139,17.2690185870153,17.4844383134366,17.699858039858,
17.9032202582021,18.1284565752036,18.382447885286,18.6224109098095),
(0.,1.),
.UNSPECIFIED.)GEOMETRIC_REPRESENTATION_ITEM()RATIONAL_B_SPLINE_SURFACE((
(1.,1.,1.),
(1.,1.00000010401688,1.),
(1.,0.994604624976892,1.),
(1.,0.978255052226764,1.),
(1.,0.964583561632283,1.),
(1.,0.948486120440701,1.),
(1.,0.930637570176318,1.),
(1.,0.911582444353141,1.),
(1.,0.891345415842365,1.),
(1.,0.870428060502203,1.),
(1.,0.849842841678103,1.),
(1.,0.831536998239804,1.),
(1.,0.815773121145871,1.),
(1.,0.802174547529931,1.),
(1.,0.789968296288578,1.),
(1.,0.778808181491078,1.),
(1.,0.768286803052725,1.),
(1.,0.758337941045035,1.),
(1.,0.749360717413594,1.),
(1.,0.742007388665297,1.),
(1.,0.735888173927285,1.),
(1.,0.73053117989518,1.),
(1.,0.725101626891888,1.),
(1.,0.719352186518142,1.),
(1.,0.713293150272271,1.),
(1.,0.709131957657365,1.),
(1.,0.707110416206583,1.)))REPRESENTATION_ITEM('')SURFACE());
#754=CARTESIAN_POINT('',(-22.2140452079103,1.12277487404535,-16.5));
#755=CARTESIAN_POINT('',(-22.2140452079103,1.12277487404535,-16.5));
#756=CARTESIAN_POINT('',(-22.2140452079103,1.12277487404535,-16.5));
#757=CARTESIAN_POINT('',(-22.3348171504481,1.46418013482189,-16.6659492359356));
#758=CARTESIAN_POINT('',(-22.3205637229474,1.42093167988689,-16.7558669548831));
#759=CARTESIAN_POINT('',(-22.2986523241221,1.36172212287419,-16.8318390410768));
#760=CARTESIAN_POINT('',(-22.4256671076258,1.97748921359878,-16.901609562667));
#761=CARTESIAN_POINT('',(-22.3684252192159,1.87219458592189,-17.113417350954));
#762=CARTESIAN_POINT('',(-22.3536923606704,1.72409684082169,-17.3032874162637));
#763=CARTESIAN_POINT('',(-22.3839532674692,2.64046980535889,-17.193692809602));
#764=CARTESIAN_POINT('',(-22.2509303293296,2.42077558425087,-17.5357302356972));
#765=CARTESIAN_POINT('',(-22.2968528068397,2.18692904435096,-17.8873696569597));
#766=CARTESIAN_POINT('',(-22.2978422005372,3.06759631205721,-17.3790955545565));
#767=CARTESIAN_POINT('',(-22.1146944292766,2.75372210350216,-17.7919890268869));
#768=CARTESIAN_POINT('',(-22.2126850873881,2.48144255366779,-18.2581866898093));
#769=CARTESIAN_POINT('',(-22.1645699131253,3.45952062537678,-17.5480556717111));
#770=CARTESIAN_POINT('',(-21.9307587765662,3.04623789572586,-18.0207508250908));
#771=CARTESIAN_POINT('',(-22.0921611793711,2.74686402065646,-18.5961211221451));
#772=CARTESIAN_POINT('',(-21.9902884549003,3.81811221005822,-17.7026393852092));
#773=CARTESIAN_POINT('',(-21.713625942408,3.29044649525436,-18.2179909252306));
#774=CARTESIAN_POINT('',(-21.9405506126555,2.98374101999334,-18.9052691499234));
#775=CARTESIAN_POINT('',(-21.7820360210181,4.1415623977902,-17.842928041969));
#776=CARTESIAN_POINT('',(-21.4764599990814,3.48493482515513,-18.3830610246501));
#777=CARTESIAN_POINT('',(-21.7640285607809,3.19043952229864,-19.185859414032));
#778=CARTESIAN_POINT('',(-21.545476218311,4.42945494958914,-17.9692751582496));
#779=CARTESIAN_POINT('',(-21.2252870737718,3.63470978702273,-18.51946901497));
#780=CARTESIAN_POINT('',(-21.5676909642815,3.3664134901712,-19.4385526555303));
#781=CARTESIAN_POINT('',(-21.2876605474713,4.67953080505755,-18.0809679121708));
#782=CARTESIAN_POINT('',(-20.9717991171021,3.73933523495748,-18.6252570387976));
#783=CARTESIAN_POINT('',(-21.357834004487,3.51020771366949,-19.661937826263));
#784=CARTESIAN_POINT('',(-21.0247088058235,4.88464917924292,-18.1747184431334));
#785=CARTESIAN_POINT('',(-20.7332705230051,3.80059035429271,-18.6983063056968));
#786=CARTESIAN_POINT('',(-21.1478640706787,3.61851637067062,-19.8494342630468));
#787=CARTESIAN_POINT('',(-20.7744350165853,5.04340567060559,-18.2492776852657));
#788=CARTESIAN_POINT('',(-20.5329111801013,3.82660499250509,-18.7399937847988));
#789=CARTESIAN_POINT('',(-20.9517538506819,3.69310979980274,-19.998554438837));
#790=CARTESIAN_POINT('',(-20.5490307804794,5.16143109655291,-18.306349885893));
#791=CARTESIAN_POINT('',(-20.3702657663709,3.83169297008364,-18.7598843513841));
#792=CARTESIAN_POINT('',(-20.7782828190391,3.74052236780759,-20.1127084761199));
#793=CARTESIAN_POINT('',(-20.3469444021036,5.24973078204377,-18.3503813671386));
#794=CARTESIAN_POINT('',(-20.2379643556805,3.82522947905822,-18.7655821962225));
#795=CARTESIAN_POINT('',(-20.625389807459,3.76901998190388,-20.2007465023971));
#796=CARTESIAN_POINT('',(-20.1633903260796,5.31691126854896,-18.385002976208));
#797=CARTESIAN_POINT('',(-20.1263946929864,3.81199537699812,-18.7614629280975));
#798=CARTESIAN_POINT('',(-20.4888253157448,3.78441950964779,-20.2700583174517));
#799=CARTESIAN_POINT('',(-19.9910556111229,5.36945677302799,-18.4131016885754));
#800=CARTESIAN_POINT('',(-20.0305497670261,3.79488548410615,-18.7501812993051));
#801=CARTESIAN_POINT('',(-20.362683874462,3.79037103789403,-20.3260538170136));
#802=CARTESIAN_POINT('',(-19.8269366586509,5.41052071258741,-18.4360473069067));
#803=CARTESIAN_POINT('',(-19.9457820109535,3.77520334240361,-18.7329614682811));
#804=CARTESIAN_POINT('',(-20.2446759770605,3.78878341604642,-20.372126609616));
#805=CARTESIAN_POINT('',(-19.671395843615,5.44164916215891,-18.4544278464225));
#806=CARTESIAN_POINT('',(-19.8710225946877,3.75415148189806,-18.7105646187484));
#807=CARTESIAN_POINT('',(-20.1347967185936,3.78099544965883,-20.4088723233391));
#808=CARTESIAN_POINT('',(-19.5298308956403,5.46358476240488,-18.4683368756697));
#809=CARTESIAN_POINT('',(-19.8082576081839,3.73381249383334,-18.6851317240173));
#810=CARTESIAN_POINT('',(-20.0366763675047,3.76876904691476,-20.4366339774894));
#811=CARTESIAN_POINT('',(-19.4070605373283,5.47782755115001,-18.4782931846731));
#812=CARTESIAN_POINT('',(-19.7601333722596,3.71664435748003,-18.6606351949916));
#813=CARTESIAN_POINT('',(-19.9530221342874,3.75438945702318,-20.4566480900184));
#814=CARTESIAN_POINT('',(-19.3029338853339,5.48680276742049,-18.4852430326791));
#815=CARTESIAN_POINT('',(-19.7219935306503,3.70226512934145,-18.6378103420953));
#816=CARTESIAN_POINT('',(-19.8833970168559,3.73966384907069,-20.4703864657722));
#817=CARTESIAN_POINT('',(-19.2086066970905,5.49230526360777,-18.4904151873823));
#818=CARTESIAN_POINT('',(-19.6899972752562,3.68969686078871,-18.6161415927885));
#819=CARTESIAN_POINT('',(-19.8211148630514,3.72435596882851,-20.4800211846795));
#820=CARTESIAN_POINT('',(-19.1156007727361,5.49541355160841,-18.494459285527));
#821=CARTESIAN_POINT('',(-19.6597416148858,3.67737284317488,-18.5918634578261));
#822=CARTESIAN_POINT('',(-19.7605694294277,3.70748582894214,-20.4881248101462));
#823=CARTESIAN_POINT('',(-19.0177694116001,5.49650246134249,-18.497548058916));
#824=CARTESIAN_POINT('',(-19.6283132092425,3.664373720153,-18.5654365803159));
#825=CARTESIAN_POINT('',(-19.6982575887004,3.68796255635399,-20.4961834253832));
#826=CARTESIAN_POINT('',(-18.9114115527399,5.4961226933971,-18.499547987564));
#827=CARTESIAN_POINT('',(-19.5950596334133,3.65066894140022,-18.5377648967384));
#828=CARTESIAN_POINT('',(-19.6336515046821,3.66531844319074,-20.5047223086047));
#829=CARTESIAN_POINT('',(-18.8418278042247,5.49236011044449,-18.5000000931938));
#830=CARTESIAN_POINT('',(-19.5723255247366,3.64128925200517,-18.5187863147887));
#831=CARTESIAN_POINT('',(-19.5902583846794,3.64838570028814,-20.5105133247575));
#832=CARTESIAN_POINT('',(-18.8080623309208,5.48924248905434,-18.4999999999841));
#833=CARTESIAN_POINT('',(-19.5612756816254,3.63673157661677,-18.5095694477962));
#834=CARTESIAN_POINT('',(-19.5682440102502,3.63933927638154,-20.513475266336));
#835=FACE_BOUND('',#836,.T.);
#836=EDGE_LOOP('',(#1085,#1086,#1087));
#837=SPHERICAL_SURFACE('',#838,2.);
#838=AXIS2_PLACEMENT_3D('',#839,#840,#841);
#839=CARTESIAN_POINT('',(-20.3284271247462,1.78944154071202,-64.5));
#840=DIRECTION('',(0.,1.,0.));
#841=DIRECTION('',(5.32907051820075E-15,0.,-1.));
#842=FACE_BOUND('',#843,.T.);
#843=EDGE_LOOP('',(#1088,#1089,#1090,#1091));
#844=TOROIDAL_SURFACE('',#845,3.,2.);
#845=AXIS2_PLACEMENT_3D('',#846,#847,#848);
#846=CARTESIAN_POINT('',(-17.5,2.78944154071202,-64.5));
#847=DIRECTION('',(0.,0.,1.));
#848=DIRECTION('',(-0.333333333333334,0.942809041582063,0.));
#849=FACE_BOUND('',#850,.T.);
#850=EDGE_LOOP('',(#1092,#1093,#1094,#1095));
#851=CYLINDRICAL_SURFACE('',#852,2.);
#852=AXIS2_PLACEMENT_3D('',#853,#854,#855);
#853=CARTESIAN_POINT('',(-25.5,-0.21055845928798,-64.5));
#854=DIRECTION('',(-1.,5.2245789394125E-17,0.));
#855=DIRECTION('',(0.,0.,-1.));
#856=FACE_BOUND('',#857,.T.);
#857=EDGE_LOOP('',(#1096,#1097,#1098,#1099));
#858=TOROIDAL_SURFACE('',#859,3.,2.);
#859=AXIS2_PLACEMENT_3D('',#860,#861,#862);
#860=CARTESIAN_POINT('',(17.5,2.78944154071202,-64.5));
#861=DIRECTION('',(0.,0.,1.));
#862=DIRECTION('',(-1.,0.,0.));
#863=FACE_BOUND('',#864,.T.);
#864=EDGE_LOOP('',(#1100,#1101,#1102));
#865=SPHERICAL_SURFACE('',#866,2.);
#866=AXIS2_PLACEMENT_3D('',#867,#868,#869);
#867=CARTESIAN_POINT('',(20.3284271247462,1.78944154071202,-64.5));
#868=DIRECTION('',(0.,-1.,0.));
#869=DIRECTION('',(0.,0.,-1.));
#870=FACE_BOUND('',#871,.T.);
#871=EDGE_LOOP('',(#1103,#1104,#1105,#1106,#1107,#1108));
#872=CYLINDRICAL_SURFACE('',#873,2.);
#873=AXIS2_PLACEMENT_3D('',#874,#875,#876);
#874=CARTESIAN_POINT('',(29.5,0.789441540712015,-63.5));
#875=DIRECTION('',(1.,-7.52693576017055E-17,0.));
#876=DIRECTION('',(0.,-1.11022302462516E-16,-1.));
#877=FACE_BOUND('',#878,.T.);
#878=EDGE_LOOP('',(#1109,#1110,#1111));
#879=DEGENERATE_TOROIDAL_SURFACE('',#880,2.,2.,.T.);
#880=AXIS2_PLACEMENT_3D('',#881,#882,#883);
#881=CARTESIAN_POINT('',(-17.5,2.78944154071202,-63.5));
#882=DIRECTION('',(0.,0.,-1.));
#883=DIRECTION('',(1.,-1.11022302462516E-16,0.));
#884=FACE_BOUND('',#885,.T.);
#885=EDGE_LOOP('',(#1112,#1113,#1114));
#886=DEGENERATE_TOROIDAL_SURFACE('',#887,2.,2.,.T.);
#887=AXIS2_PLACEMENT_3D('',#888,#889,#890);
#888=CARTESIAN_POINT('',(17.5,2.78944154071202,-63.5));
#889=DIRECTION('',(0.,0.,-1.));
#890=DIRECTION('',(0.,1.,0.));
#891=FACE_BOUND('',#892,.T.);
#892=EDGE_LOOP('',(#1115,#1116,#1117,#1118));
#893=CONICAL_SURFACE('',#894,4.15,0.785398163397456);
#894=AXIS2_PLACEMENT_3D('',#895,#896,#897);
#895=CARTESIAN_POINT('',(-17.5,2.78944154071202,12.35));
#896=DIRECTION('',(0.,0.,1.));
#897=DIRECTION('',(-0.139082533987308,0.990280792876278,0.));
#898=FACE_BOUND('',#899,.T.);
#899=EDGE_LOOP('',(#1119,#1120,#1121,#1122));
#900=PLANE('',#901);
#901=AXIS2_PLACEMENT_3D('',#902,#903,#904);
#902=CARTESIAN_POINT('',(-18.7,6.78944154071202,12.2));
#903=DIRECTION('',(-3.3584865426391E-17,-0.707106781186548,0.707106781186546));
#904=DIRECTION('',(1.,-4.74961721764773E-17,3.72866908753165E-33));
#905=FACE_BOUND('',#906,.T.);
#906=EDGE_LOOP('',(#1123,#1124,#1125,#1126));
#907=CONICAL_SURFACE('',#908,4.15,0.785398163397453);
#908=AXIS2_PLACEMENT_3D('',#909,#910,#911);
#909=CARTESIAN_POINT('',(17.5,2.78944154071202,12.35));
#910=DIRECTION('',(0.,0.,1.));
#911=DIRECTION('',(0.139082533987307,-0.990280792876278,0.));
#912=FACE_BOUND('',#913,.T.);
#913=EDGE_LOOP('',(#1127,#1128,#1129,#1130));
#914=PLANE('',#915);
#915=AXIS2_PLACEMENT_3D('',#916,#917,#918);
#916=CARTESIAN_POINT('',(18.7,-1.21055845928798,12.2));
#917=DIRECTION('',(3.35848654263909E-17,0.707106781186548,0.707106781186548));
#918=DIRECTION('',(-1.,4.74961721764773E-17,0.));
#919=FACE_BOUND('',#920,.T.);
#920=EDGE_LOOP('',(#1131,#1132,#1133,#1134));
#921=CYLINDRICAL_SURFACE('',#922,0.1);
#922=AXIS2_PLACEMENT_3D('',#923,#924,#925);
#923=CARTESIAN_POINT('',(17.9,7.68944154071202,12.4));
#924=DIRECTION('',(-1.,4.96189061284986E-17,4.96189061284986E-17));
#925=DIRECTION('',(4.96189061284986E-17,-2.46203584538876E-33,1.));
#926=FACE_BOUND('',#927,.T.);
#927=EDGE_LOOP('',(#1135,#1136,#1137,#1138));
#928=TOROIDAL_SURFACE('',#929,4.9,0.1);
#929=AXIS2_PLACEMENT_3D('',#930,#931,#932);
#930=CARTESIAN_POINT('',(-17.5,2.78944154071202,12.4));
#931=DIRECTION('',(0.,0.,1.));
#932=DIRECTION('',(0.0408049943282748,0.999167129382202,0.));
#933=FACE_BOUND('',#934,.T.);
#934=EDGE_LOOP('',(#1139,#1140,#1141,#1142));
#935=CYLINDRICAL_SURFACE('',#936,0.1);
#936=AXIS2_PLACEMENT_3D('',#937,#938,#939);
#937=CARTESIAN_POINT('',(-17.9,-2.11055845928798,12.4));
#938=DIRECTION('',(1.,-4.96189061284986E-17,4.96189061284986E-17));
#939=DIRECTION('',(-4.96189061284986E-17,2.46203584538876E-33,1.));
#940=FACE_BOUND('',#941,.T.);
#941=EDGE_LOOP('',(#1143,#1144,#1145,#1146));
#942=TOROIDAL_SURFACE('',#943,4.9,0.1);
#943=AXIS2_PLACEMENT_3D('',#944,#945,#946);
#944=CARTESIAN_POINT('',(17.5,2.78944154071202,12.4));
#945=DIRECTION('',(0.,0.,1.));
#946=DIRECTION('',(-0.0408049943282741,-0.999167129382202,0.));
#947=COMPOSITE_CURVE_SEGMENT(.CONT_SAME_GRADIENT.,.T.,#1147);
#948=COMPOSITE_CURVE_SEGMENT(.CONT_SAME_GRADIENT.,.T.,#1148);
#949=COMPOSITE_CURVE_SEGMENT(.CONT_SAME_GRADIENT.,.T.,#1149);
#950=COMPOSITE_CURVE_SEGMENT(.DISCONTINUOUS.,.T.,#1150);
#951=COMPOSITE_CURVE_SEGMENT(.CONT_SAME_GRADIENT.,.T.,#1151);
#952=COMPOSITE_CURVE_SEGMENT(.CONT_SAME_GRADIENT.,.T.,#1152);
#953=COMPOSITE_CURVE_SEGMENT(.CONT_SAME_GRADIENT.,.T.,#1153);
#954=COMPOSITE_CURVE_SEGMENT(.DISCONTINUOUS.,.T.,#1154);
#955=COMPOSITE_CURVE_SEGMENT(.CONT_SAME_GRADIENT.,.T.,#1155);
#956=COMPOSITE_CURVE_SEGMENT(.CONTINUOUS.,.T.,#1156);
#957=COMPOSITE_CURVE_SEGMENT(.CONTINUOUS.,.T.,#1157);
#958=COMPOSITE_CURVE_SEGMENT(.DISCONTINUOUS.,.T.,#1158);
#959=ORIENTED_EDGE('',*,*,#1159,.F.);
#960=ORIENTED_EDGE('',*,*,#1160,.F.);
#961=ORIENTED_EDGE('',*,*,#1161,.F.);
#962=ORIENTED_EDGE('',*,*,#1162,.T.);
#963=ORIENTED_EDGE('',*,*,#1163,.F.);
#964=ORIENTED_EDGE('',*,*,#1164,.T.);
#965=ORIENTED_EDGE('',*,*,#1165,.F.);
#966=ORIENTED_EDGE('',*,*,#1166,.F.);
#967=ORIENTED_EDGE('',*,*,#1167,.F.);
#968=ORIENTED_EDGE('',*,*,#1168,.F.);
#969=ORIENTED_EDGE('',*,*,#1160,.T.);
#970=ORIENTED_EDGE('',*,*,#1169,.F.);
#971=ORIENTED_EDGE('',*,*,#1162,.F.);
#972=ORIENTED_EDGE('',*,*,#1170,.F.);
#973=ORIENTED_EDGE('',*,*,#1171,.F.);
#974=ORIENTED_EDGE('',*,*,#1172,.T.);
#975=ORIENTED_EDGE('',*,*,#1173,.F.);
#976=ORIENTED_EDGE('',*,*,#1174,.F.);
#977=ORIENTED_EDGE('',*,*,#1175,.F.);
#978=ORIENTED_EDGE('',*,*,#1174,.T.);
#979=ORIENTED_EDGE('',*,*,#1176,.F.);
#980=ORIENTED_EDGE('',*,*,#1164,.F.);
#981=ORIENTED_EDGE('',*,*,#1177,.T.);
#982=ORIENTED_EDGE('',*,*,#1178,.T.);
#983=ORIENTED_EDGE('',*,*,#1179,.T.);
#984=ORIENTED_EDGE('',*,*,#1180,.T.);
#985=ORIENTED_EDGE('',*,*,#1181,.T.);
#986=ORIENTED_EDGE('',*,*,#1182,.T.);
#987=ORIENTED_EDGE('',*,*,#1183,.T.);
#988=ORIENTED_EDGE('',*,*,#1184,.T.);
#989=ORIENTED_EDGE('',*,*,#1185,.F.);
#990=ORIENTED_EDGE('',*,*,#1172,.F.);
#991=ORIENTED_EDGE('',*,*,#1186,.F.);
#992=ORIENTED_EDGE('',*,*,#1187,.T.);
#993=ORIENTED_EDGE('',*,*,#1188,.F.);
#994=ORIENTED_EDGE('',*,*,#1166,.T.);
#995=ORIENTED_EDGE('',*,*,#1189,.F.);
#996=ORIENTED_EDGE('',*,*,#1190,.F.);
#997=ORIENTED_EDGE('',*,*,#1191,.F.);
#998=ORIENTED_EDGE('',*,*,#1192,.T.);
#999=ORIENTED_EDGE('',*,*,#1193,.F.);
#1000=ORIENTED_EDGE('',*,*,#1192,.F.);
#1001=ORIENTED_EDGE('',*,*,#1194,.F.);
#1002=ORIENTED_EDGE('',*,*,#1195,.T.);
#1003=ORIENTED_EDGE('',*,*,#1196,.T.);
#1004=ORIENTED_EDGE('',*,*,#1197,.F.);
#1005=ORIENTED_EDGE('',*,*,#1198,.F.);
#1006=ORIENTED_EDGE('',*,*,#1197,.T.);
#1007=ORIENTED_EDGE('',*,*,#1199,.T.);
#1008=ORIENTED_EDGE('',*,*,#1200,.F.);
#1009=ORIENTED_EDGE('',*,*,#1201,.F.);
#1010=ORIENTED_EDGE('',*,*,#1200,.T.);
#1011=ORIENTED_EDGE('',*,*,#1202,.T.);
#1012=ORIENTED_EDGE('',*,*,#1203,.F.);
#1013=ORIENTED_EDGE('',*,*,#1204,.F.);
#1014=ORIENTED_EDGE('',*,*,#1190,.T.);
#1015=ORIENTED_EDGE('',*,*,#1205,.F.);
#1016=ORIENTED_EDGE('',*,*,#1206,.T.);
#1017=ORIENTED_EDGE('',*,*,#1207,.T.);
#1018=ORIENTED_EDGE('',*,*,#1208,.F.);
#1019=ORIENTED_EDGE('',*,*,#1209,.F.);
#1020=ORIENTED_EDGE('',*,*,#1210,.F.);
#1021=ORIENTED_EDGE('',*,*,#1211,.F.);
#1022=ORIENTED_EDGE('',*,*,#1212,.F.);
#1023=ORIENTED_EDGE('',*,*,#1213,.T.);
#1024=ORIENTED_EDGE('',*,*,#1214,.T.);
#1025=ORIENTED_EDGE('',*,*,#1215,.T.);
#1026=ORIENTED_EDGE('',*,*,#1216,.T.);
#1027=ORIENTED_EDGE('',*,*,#1217,.T.);
#1028=ORIENTED_EDGE('',*,*,#1187,.F.);
#1029=ORIENTED_EDGE('',*,*,#1171,.T.);
#1030=ORIENTED_EDGE('',*,*,#1170,.T.);
#1031=ORIENTED_EDGE('',*,*,#1218,.T.);
#1032=ORIENTED_EDGE('',*,*,#1214,.F.);
#1033=ORIENTED_EDGE('',*,*,#1213,.F.);
#1034=ORIENTED_EDGE('',*,*,#1186,.T.);
#1035=ORIENTED_EDGE('',*,*,#1161,.T.);
#1036=ORIENTED_EDGE('',*,*,#1219,.T.);
#1037=ORIENTED_EDGE('',*,*,#1215,.F.);
#1038=ORIENTED_EDGE('',*,*,#1218,.F.);
#1039=ORIENTED_EDGE('',*,*,#1168,.T.);
#1040=ORIENTED_EDGE('',*,*,#1167,.T.);
#1041=ORIENTED_EDGE('',*,*,#1188,.T.);
#1042=ORIENTED_EDGE('',*,*,#1217,.F.);
#1043=ORIENTED_EDGE('',*,*,#1216,.F.);
#1044=ORIENTED_EDGE('',*,*,#1219,.F.);
#1045=ORIENTED_EDGE('',*,*,#1220,.F.);
#1046=ORIENTED_EDGE('',*,*,#1194,.T.);
#1047=ORIENTED_EDGE('',*,*,#1221,.T.);
#1048=ORIENTED_EDGE('',*,*,#1222,.F.);
#1049=ORIENTED_EDGE('',*,*,#1191,.T.);
#1050=ORIENTED_EDGE('',*,*,#1223,.T.);
#1051=ORIENTED_EDGE('',*,*,#1224,.F.);
#1052=ORIENTED_EDGE('',*,*,#1221,.F.);
#1053=ORIENTED_EDGE('',*,*,#1225,.F.);
#1054=ORIENTED_EDGE('',*,*,#1226,.T.);
#1055=ORIENTED_EDGE('',*,*,#1223,.F.);
#1056=ORIENTED_EDGE('',*,*,#1204,.T.);
#1057=ORIENTED_EDGE('',*,*,#1227,.F.);
#1058=ORIENTED_EDGE('',*,*,#1195,.F.);
#1059=ORIENTED_EDGE('',*,*,#1228,.T.);
#1060=ORIENTED_EDGE('',*,*,#1229,.F.);
#1061=ORIENTED_EDGE('',*,*,#1208,.T.);
#1062=ORIENTED_EDGE('',*,*,#1230,.F.);
#1063=ORIENTED_EDGE('',*,*,#1206,.F.);
#1064=ORIENTED_EDGE('',*,*,#1231,.T.);
#1065=ORIENTED_EDGE('',*,*,#1232,.T.);
#1066=ORIENTED_EDGE('',*,*,#1203,.T.);
#1067=ORIENTED_EDGE('',*,*,#1233,.T.);
#1068=ORIENTED_EDGE('',*,*,#1207,.F.);
#1069=ORIENTED_EDGE('',*,*,#1234,.T.);
#1070=ORIENTED_EDGE('',*,*,#1210,.T.);
#1071=ORIENTED_EDGE('',*,*,#1232,.F.);
#1072=ORIENTED_EDGE('',*,*,#1235,.T.);
#1073=ORIENTED_EDGE('',*,*,#1225,.T.);
#1074=ORIENTED_EDGE('',*,*,#1205,.T.);
#1075=ORIENTED_EDGE('',*,*,#1229,.T.);
#1076=ORIENTED_EDGE('',*,*,#1236,.T.);
#1077=ORIENTED_EDGE('',*,*,#1222,.T.);
#1078=ORIENTED_EDGE('',*,*,#1224,.T.);
#1079=ORIENTED_EDGE('',*,*,#1226,.F.);
#1080=ORIENTED_EDGE('',*,*,#1235,.F.);
#1081=ORIENTED_EDGE('',*,*,#1231,.F.);
#1082=ORIENTED_EDGE('',*,*,#1236,.F.);
#1083=ORIENTED_EDGE('',*,*,#1228,.F.);
#1084=ORIENTED_EDGE('',*,*,#1220,.T.);
#1085=ORIENTED_EDGE('',*,*,#1233,.F.);
#1086=ORIENTED_EDGE('',*,*,#1237,.T.);
#1087=ORIENTED_EDGE('',*,*,#1227,.T.);
#1088=ORIENTED_EDGE('',*,*,#1196,.F.);
#1089=ORIENTED_EDGE('',*,*,#1237,.F.);
#1090=ORIENTED_EDGE('',*,*,#1209,.T.);
#1091=ORIENTED_EDGE('',*,*,#1238,.T.);
#1092=ORIENTED_EDGE('',*,*,#1199,.F.);
#1093=ORIENTED_EDGE('',*,*,#1238,.F.);
#1094=ORIENTED_EDGE('',*,*,#1212,.T.);
#1095=ORIENTED_EDGE('',*,*,#1239,.T.);
#1096=ORIENTED_EDGE('',*,*,#1202,.F.);
#1097=ORIENTED_EDGE('',*,*,#1239,.F.);
#1098=ORIENTED_EDGE('',*,*,#1211,.T.);
#1099=ORIENTED_EDGE('',*,*,#1240,.T.);
#1100=ORIENTED_EDGE('',*,*,#1240,.F.);
#1101=ORIENTED_EDGE('',*,*,#1234,.F.);
#1102=ORIENTED_EDGE('',*,*,#1230,.T.);
#1103=ORIENTED_EDGE('',*,*,#1185,.T.);
#1104=ORIENTED_EDGE('',*,*,#1241,.T.);
#1105=ORIENTED_EDGE('',*,*,#1242,.F.);
#1106=ORIENTED_EDGE('',*,*,#1176,.T.);
#1107=ORIENTED_EDGE('',*,*,#1243,.T.);
#1108=ORIENTED_EDGE('',*,*,#1244,.F.);
#1109=ORIENTED_EDGE('',*,*,#1165,.T.);
#1110=ORIENTED_EDGE('',*,*,#1242,.T.);
#1111=ORIENTED_EDGE('',*,*,#1241,.F.);
#1112=ORIENTED_EDGE('',*,*,#1173,.T.);
#1113=ORIENTED_EDGE('',*,*,#1244,.T.);
#1114=ORIENTED_EDGE('',*,*,#1243,.F.);
#1115=ORIENTED_EDGE('',*,*,#1163,.T.);
#1116=ORIENTED_EDGE('',*,*,#1245,.T.);
#1117=ORIENTED_EDGE('',*,*,#1181,.F.);
#1118=ORIENTED_EDGE('',*,*,#1246,.F.);
#1119=ORIENTED_EDGE('',*,*,#1159,.T.);
#1120=ORIENTED_EDGE('',*,*,#1247,.T.);
#1121=ORIENTED_EDGE('',*,*,#1182,.F.);
#1122=ORIENTED_EDGE('',*,*,#1245,.F.);
#1123=ORIENTED_EDGE('',*,*,#1169,.T.);
#1124=ORIENTED_EDGE('',*,*,#1248,.T.);
#1125=ORIENTED_EDGE('',*,*,#1183,.F.);
#1126=ORIENTED_EDGE('',*,*,#1247,.F.);
#1127=ORIENTED_EDGE('',*,*,#1175,.T.);
#1128=ORIENTED_EDGE('',*,*,#1246,.T.);
#1129=ORIENTED_EDGE('',*,*,#1184,.F.);
#1130=ORIENTED_EDGE('',*,*,#1248,.F.);
#1131=ORIENTED_EDGE('',*,*,#1189,.T.);
#1132=ORIENTED_EDGE('',*,*,#1249,.T.);
#1133=ORIENTED_EDGE('',*,*,#1177,.F.);
#1134=ORIENTED_EDGE('',*,*,#1250,.F.);
#1135=ORIENTED_EDGE('',*,*,#1193,.T.);
#1136=ORIENTED_EDGE('',*,*,#1251,.T.);
#1137=ORIENTED_EDGE('',*,*,#1178,.F.);
#1138=ORIENTED_EDGE('',*,*,#1249,.F.);
#1139=ORIENTED_EDGE('',*,*,#1198,.T.);
#1140=ORIENTED_EDGE('',*,*,#1252,.T.);
#1141=ORIENTED_EDGE('',*,*,#1179,.F.);
#1142=ORIENTED_EDGE('',*,*,#1251,.F.);
#1143=ORIENTED_EDGE('',*,*,#1201,.T.);
#1144=ORIENTED_EDGE('',*,*,#1250,.T.);
#1145=ORIENTED_EDGE('',*,*,#1180,.F.);
#1146=ORIENTED_EDGE('',*,*,#1252,.F.);
#1147=TRIMMED_CURVE('',#1253,(PARAMETER_VALUE(0.)),(PARAMETER_VALUE(3.14159265358979)),
.T.,.PARAMETER.);
#1148=POLYLINE('',(#1254,#1255));
#1149=TRIMMED_CURVE('',#1256,(PARAMETER_VALUE(0.)),(PARAMETER_VALUE(3.14159265358979)),
.T.,.PARAMETER.);
#1150=POLYLINE('',(#1257,#1258));
#1151=POLYLINE('',(#1259,#1260));
#1152=TRIMMED_CURVE('',#1261,(PARAMETER_VALUE(0.)),(PARAMETER_VALUE(3.14159265358979)),
.T.,.PARAMETER.);
#1153=POLYLINE('',(#1262,#1263));
#1154=TRIMMED_CURVE('',#1264,(PARAMETER_VALUE(0.)),(PARAMETER_VALUE(3.14159265358979)),
.T.,.PARAMETER.);
#1155=POLYLINE('',(#1265,#1266));
#1156=TRIMMED_CURVE('',#1267,(PARAMETER_VALUE(0.)),(PARAMETER_VALUE(1.77215424758523)),
.T.,.PARAMETER.);
#1157=POLYLINE('',(#1268,#1269));
#1158=TRIMMED_CURVE('',#1270,(PARAMETER_VALUE(0.)),(PARAMETER_VALUE(1.77215424758523)),
.T.,.PARAMETER.);
#1159=EDGE_CURVE('',#1271,#1272,#1273,.T.);
#1160=EDGE_CURVE('',#1274,#1271,#1275,.T.);
#1161=EDGE_CURVE('',#1276,#1274,#1277,.F.);
#1162=EDGE_CURVE('',#1276,#1272,#1278,.T.);
#1163=EDGE_CURVE('',#1279,#1271,#1280,.T.);
#1164=EDGE_CURVE('',#1279,#1281,#1282,.T.);
#1165=EDGE_CURVE('',#1283,#1281,#1284,.F.);
#1166=EDGE_CURVE('',#1285,#1283,#1286,.T.);
#1167=EDGE_CURVE('',#1287,#1285,#1288,.F.);
#1168=EDGE_CURVE('',#1274,#1287,#1289,.F.);
#1169=EDGE_CURVE('',#1272,#1290,#1291,.T.);
#1170=EDGE_CURVE('',#1292,#1276,#1293,.F.);
#1171=EDGE_CURVE('',#1294,#1292,#1295,.F.);
#1172=EDGE_CURVE('',#1294,#1296,#1297,.T.);
#1173=EDGE_CURVE('',#1298,#1296,#1299,.F.);
#1174=EDGE_CURVE('',#1290,#1298,#1300,.T.);
#1175=EDGE_CURVE('',#1290,#1279,#1301,.T.);
#1176=EDGE_CURVE('',#1281,#1298,#1302,.T.);
#1177=EDGE_CURVE('',#1303,#1304,#1305,.T.);
#1178=EDGE_CURVE('',#1304,#1306,#1307,.T.);
#1179=EDGE_CURVE('',#1306,#1308,#1309,.T.);
#1180=EDGE_CURVE('',#1308,#1303,#1310,.T.);
#1181=EDGE_CURVE('',#1311,#1312,#1313,.T.);
#1182=EDGE_CURVE('',#1312,#1314,#1315,.T.);
#1183=EDGE_CURVE('',#1314,#1316,#1317,.T.);
#1184=EDGE_CURVE('',#1316,#1311,#1318,.T.);
#1185=EDGE_CURVE('',#1296,#1283,#1319,.T.);
#1186=EDGE_CURVE('',#1320,#1294,#1321,.T.);
#1187=EDGE_CURVE('',#1320,#1322,#1323,.T.);
#1188=EDGE_CURVE('',#1285,#1322,#1324,.F.);
#1189=EDGE_CURVE('',#1325,#1326,#1327,.T.);
#1190=EDGE_CURVE('',#1328,#1325,#1329,.T.);
#1191=EDGE_CURVE('',#1330,#1328,#1331,.T.);
#1192=EDGE_CURVE('',#1330,#1326,#1332,.T.);
#1193=EDGE_CURVE('',#1326,#1333,#1334,.T.);
#1194=EDGE_CURVE('',#1335,#1330,#1336,.T.);
#1195=EDGE_CURVE('',#1335,#1337,#1338,.T.);
#1196=EDGE_CURVE('',#1337,#1339,#1340,.T.);
#1197=EDGE_CURVE('',#1333,#1339,#1341,.T.);
#1198=EDGE_CURVE('',#1333,#1342,#1343,.T.);
#1199=EDGE_CURVE('',#1339,#1344,#1345,.T.);
#1200=EDGE_CURVE('',#1342,#1344,#1346,.T.);
#1201=EDGE_CURVE('',#1342,#1325,#1347,.T.);
#1202=EDGE_CURVE('',#1344,#1348,#1349,.T.);
#1203=EDGE_CURVE('',#1350,#1348,#1351,.T.);
#1204=EDGE_CURVE('',#1328,#1350,#1352,.T.);
#1205=EDGE_CURVE('',#1353,#1354,#1355,.T.);
#1206=EDGE_CURVE('',#1353,#1356,#1357,.T.);
#1207=EDGE_CURVE('',#1356,#1358,#1359,.T.);
#1208=EDGE_CURVE('',#1354,#1358,#1360,.T.);
#1209=EDGE_CURVE('',#1361,#1362,#1363,.T.);
#1210=EDGE_CURVE('',#1364,#1361,#1365,.T.);
#1211=EDGE_CURVE('',#1366,#1364,#1367,.T.);
#1212=EDGE_CURVE('',#1362,#1366,#1368,.T.);
#1213=EDGE_CURVE('',#1320,#1369,#1370,.F.);
#1214=EDGE_CURVE('',#1369,#1371,#1372,.F.);
#1215=EDGE_CURVE('',#1371,#1373,#1374,.F.);
#1216=EDGE_CURVE('',#1373,#1375,#1376,.F.);
#1217=EDGE_CURVE('',#1375,#1322,#1377,.F.);
#1218=EDGE_CURVE('',#1276,#1371,#1378,.T.);
#1219=EDGE_CURVE('',#1274,#1373,#1379,.T.);
#1220=EDGE_CURVE('',#1335,#1380,#1381,.T.);
#1221=EDGE_CURVE('',#1330,#1382,#1383,.T.);
#1222=EDGE_CURVE('',#1380,#1382,#1384,.T.);
#1223=EDGE_CURVE('',#1328,#1385,#1386,.T.);
#1224=EDGE_CURVE('',#1382,#1385,#1387,.T.);
#1225=EDGE_CURVE('',#1388,#1350,#1389,.F.);
#1226=EDGE_CURVE('',#1388,#1385,#1390,.T.);
#1227=EDGE_CURVE('',#1337,#1358,#1391,.T.);
#1228=EDGE_CURVE('',#1335,#1392,#1393,.T.);
#1229=EDGE_CURVE('',#1354,#1392,#1394,.F.);
#1230=EDGE_CURVE('',#1356,#1348,#1395,.F.);
#1231=EDGE_CURVE('',#1353,#1396,#1397,.F.);
#1232=EDGE_CURVE('',#1396,#1350,#1398,.F.);
#1233=EDGE_CURVE('',#1361,#1358,#1399,.T.);
#1234=EDGE_CURVE('',#1356,#1364,#1400,.F.);
#1235=EDGE_CURVE('',#1396,#1388,#1401,.F.);
#1236=EDGE_CURVE('',#1392,#1380,#1402,.T.);
#1237=EDGE_CURVE('',#1361,#1337,#1403,.F.);
#1238=EDGE_CURVE('',#1362,#1339,#1404,.F.);
#1239=EDGE_CURVE('',#1366,#1344,#1405,.F.);
#1240=EDGE_CURVE('',#1364,#1348,#1406,.F.);
#1241=EDGE_CURVE('',#1283,#1407,#1408,.T.);
#1242=EDGE_CURVE('',#1281,#1407,#1409,.T.);
#1243=EDGE_CURVE('',#1298,#1410,#1411,.T.);
#1244=EDGE_CURVE('',#1296,#1410,#1412,.T.);
#1245=EDGE_CURVE('',#1271,#1312,#1413,.T.);
#1246=EDGE_CURVE('',#1279,#1311,#1414,.T.);
#1247=EDGE_CURVE('',#1272,#1314,#1415,.T.);
#1248=EDGE_CURVE('',#1290,#1316,#1416,.T.);
#1249=EDGE_CURVE('',#1326,#1304,#1417,.T.);
#1250=EDGE_CURVE('',#1325,#1303,#1418,.T.);
#1251=EDGE_CURVE('',#1333,#1306,#1419,.T.);
#1252=EDGE_CURVE('',#1342,#1308,#1420,.T.);
#1253=CIRCLE('',#1421,4.);
#1254=CARTESIAN_POINT('',(17.5,6.78944154071202,11.5));
#1255=CARTESIAN_POINT('',(-17.5,6.78944154071202,11.5));
#1256=CIRCLE('',#1425,4.);
#1257=CARTESIAN_POINT('',(-17.5,-1.21055845928798,11.5));
#1258=CARTESIAN_POINT('',(17.5,-1.21055845928798,11.5));
#1259=CARTESIAN_POINT('',(17.5,6.78944154071202,12.5));
#1260=CARTESIAN_POINT('',(-17.5,6.78944154071202,12.5));
#1261=CIRCLE('',#1429,4.);
#1262=CARTESIAN_POINT('',(-17.5,-1.21055845928798,12.5));
#1263=CARTESIAN_POINT('',(17.5,-1.21055845928798,12.5));
#1264=CIRCLE('',#1433,4.);
#1265=CARTESIAN_POINT('',(17.5,-2.21055845928798,-65.5));
#1266=CARTESIAN_POINT('',(-17.5,-2.21055845928798,-65.5));
#1267=CIRCLE('',#1437,5.);
#1268=CARTESIAN_POINT('',(-22.3989794855664,3.78944154071202,-65.5));
#1269=CARTESIAN_POINT('',(22.3989794855664,3.78944154071202,-65.5));
#1270=CIRCLE('',#1441,5.);
#1271=VERTEX_POINT('',#1445);
#1272=VERTEX_POINT('',#1446);
#1273=LINE('',#1447,#1448);
#1274=VERTEX_POINT('',#1450);
#1275=LINE('',#1451,#1452);
#1276=VERTEX_POINT('',#1454);
#1277=LINE('',#1455,#1456);
#1278=LINE('',#1458,#1459);
#1279=VERTEX_POINT('',#1461);
#1280=CIRCLE('',#1462,4.);
#1281=VERTEX_POINT('',#1466);
#1282=LINE('',#1467,#1468);
#1283=VERTEX_POINT('',#1470);
#1284=CIRCLE('',#1471,4.);
#1285=VERTEX_POINT('',#1475);
#1286=LINE('',#1476,#1477);
#1287=VERTEX_POINT('',#1479);
#1288=B_SPLINE_CURVE_WITH_KNOTS('',3,
(#1480,#1481,#1482,#1483,#1484,#1485,#1486,#1487,#1488,#1489,#1490,#1491,#1492,#1493),
.UNSPECIFIED.,.F.,.F.,
(4,1,1,1,1,1,1,1,1,1,1,4),
(0.,0.133810340286081,0.251014543868772,0.346176259953487,0.423065668316742,0.501994376589712,
0.585445803447594,0.66964976911387,0.761381352869575,0.860582940309826,0.943616006089574,
1.),
.UNSPECIFIED.);
#1289=B_SPLINE_CURVE_WITH_KNOTS('',3,
(#1494,#1495,#1496,#1497,#1498,#1499,#1500,#1501,#1502,#1503,#1504,#1505,#1506,#1507,
#1508),
.UNSPECIFIED.,.F.,.F.,
(4,1,1,1,1,1,1,1,1,1,1,1,4),
(0.,0.0716601384265083,0.13595376699695,0.197243141913061,0.255514600904566,0.3223294681602,
0.393325487478229,0.471351300428636,0.558196139223911,0.658156442488166,0.76687268734224,
0.882252686054221,1.),
.UNSPECIFIED.);
#1290=VERTEX_POINT('',#1509);
#1291=CIRCLE('',#1510,4.);
#1292=VERTEX_POINT('',#1514);
#1293=B_SPLINE_CURVE_WITH_KNOTS('',3,
(#1515,#1516,#1517,#1518,#1519,#1520,#1521,#1522,#1523,#1524,#1525,#1526,#1527,#1528),
.UNSPECIFIED.,.F.,.F.,
(4,1,1,1,1,1,1,1,1,1,1,4),
(0.,0.138927849492135,0.259703834602856,0.362110138097189,0.461835255633804,0.560120507887097,
0.659140689273724,0.745509993739833,0.818118173262497,0.875008250660031,0.935679217123021,
1.),
.UNSPECIFIED.);
#1294=VERTEX_POINT('',#1529);
#1295=B_SPLINE_CURVE_WITH_KNOTS('',3,
(#1530,#1531,#1532,#1533,#1534,#1535,#1536,#1537,#1538,#1539,#1540,#1541,#1542),
.UNSPECIFIED.,.F.,.F.,
(4,1,1,1,1,1,1,1,1,1,4),
(0.,0.177622765599445,0.317371364142631,0.41924579562956,0.50171955908324,0.585283559126766,
0.667557463118301,0.753130423970894,0.834833813753725,0.916627259620785,1.),
.UNSPECIFIED.);
#1296=VERTEX_POINT('',#1543);
#1297=LINE('',#1544,#1545);
#1298=VERTEX_POINT('',#1547);
#1299=CIRCLE('',#1548,4.);
#1300=LINE('',#1552,#1553);
#1301=LINE('',#1555,#1556);
#1302=LINE('',#1558,#1559);
#1303=VERTEX_POINT('',#1561);
#1304=VERTEX_POINT('',#1562);
#1305=LINE('',#1563,#1564);
#1306=VERTEX_POINT('',#1566);
#1307=CIRCLE('',#1567,4.9);
#1308=VERTEX_POINT('',#1571);
#1309=LINE('',#1572,#1573);
#1310=CIRCLE('',#1575,4.9);
#1311=VERTEX_POINT('',#1579);
#1312=VERTEX_POINT('',#1580);
#1313=CIRCLE('',#1581,4.3);
#1314=VERTEX_POINT('',#1585);
#1315=LINE('',#1586,#1587);
#1316=VERTEX_POINT('',#1589);
#1317=CIRCLE('',#1590,4.3);
#1318=LINE('',#1594,#1595);
#1319=LINE('',#1597,#1598);
#1320=VERTEX_POINT('',#1600);
#1321=B_SPLINE_CURVE_WITH_KNOTS('',3,
(#1601,#1602,#1603,#1604,#1605,#1606,#1607,#1608,#1609,#1610,#1611,#1612,#1613,#1614,
#1615,#1616,#1617,#1618,#1619,#1620,#1621,#1622,#1623,#1624,#1625,#1626,#1627,#1628,
#1629,#1630,#1631,#1632,#1633,#1634,#1635,#1636,#1637,#1638,#1639,#1640,#1641,#1642,
#1643,#1644,#1645,#1646,#1647,#1648,#1649,#1650,#1651,#1652,#1653,#1654,#1655,#1656,
#1657,#1658,#1659,#1660,#1661,#1662,#1663,#1664,#1665,#1666,#1667,#1668,#1669),
.UNSPECIFIED.,.F.,.F.,
(4,1,1,1,1,1,1,1,1,1,1,1,1,1,1,1,1,1,1,1,1,1,1,1,1,1,1,1,1,1,1,1,1,1,1,1,1,1,1,1,
1,1,1,1,1,1,1,1,1,1,1,1,1,1,1,1,1,1,1,1,1,1,1,1,1,1,4),
(0.,0.0171268217620455,0.0344271681807073,0.0519069278414605,0.0684512911951496,
0.069735217537601,0.0876978676476899,0.106210637603837,0.125054250838957,0.14441633688686,
0.163966002170848,0.186543408645627,0.195288296450032,0.211967110429929,0.240475947639299,
0.269222112338028,0.298426246261633,0.327854716372141,0.344428515974238,0.355089490156112,
0.379906217879299,0.402318936542783,0.424750714410473,0.447178152505787,0.469584121614461,
0.486154210107427,0.491926551147754,0.514221658395433,0.536215402023441,0.557950319598702,
0.575229964389403,0.579204812719719,0.600239576683662,0.620602627481022,0.640511935383191,
0.646921190369566,0.665987365147488,0.690675937645662,0.706905039456102,0.714585953914125,
0.73137326834675,0.747846813032379,0.762090970736784,0.763579346871088,0.778877135177231,
0.798480656102299,0.817726995769604,0.818705348629705,0.836601856755102,0.850216586838389,
0.863684964194733,0.868505416830834,0.876800359732043,0.889716229321751,0.901648280207673,
0.902388281990171,0.915016240936485,0.9274888253736,0.92970394279152,0.939853645987391,
0.952054306487532,0.960557973106221,0.964194913294049,0.97620716264692,0.987270405886805,
0.988130423228636,1.),
.UNSPECIFIED.);
#1322=VERTEX_POINT('',#1670);
#1323=LINE('',#1671,#1672);
#1324=B_SPLINE_CURVE_WITH_KNOTS('',3,
(#1674,#1675,#1676,#1677,#1678,#1679,#1680,#1681,#1682,#1683,#1684,#1685,#1686,#1687,
#1688,#1689,#1690,#1691,#1692,#1693,#1694,#1695,#1696,#1697,#1698,#1699,#1700,#1701,
#1702,#1703,#1704,#1705,#1706,#1707,#1708,#1709,#1710,#1711,#1712,#1713,#1714,#1715,
#1716,#1717,#1718,#1719,#1720,#1721,#1722,#1723,#1724,#1725,#1726,#1727,#1728,#1729,
#1730,#1731,#1732),
.UNSPECIFIED.,.F.,.F.,
(4,1,1,1,1,1,1,1,1,1,1,1,1,1,1,1,1,1,1,1,1,1,1,1,1,1,1,1,1,1,1,1,1,1,1,1,1,1,1,1,
1,1,1,1,1,1,1,1,1,1,1,1,1,1,1,1,4),
(0.,0.039202933656343,0.078547777074559,0.116092653227375,0.152482826114113,0.181512912894292,
0.188274388900886,0.222813820454161,0.256618474719382,0.289458918659883,0.32208204061837,
0.353541346625188,0.384105477473996,0.413099754766729,0.42504914274798,0.441472098385281,
0.468112063021675,0.493665052314113,0.525425983828274,0.533995539935108,0.557684264133654,
0.590464319113524,0.612973949218288,0.61579303236173,0.640439750231593,0.663697821855353,
0.67589930817121,0.686257678128044,0.705801728976688,0.723025563030454,0.731152161284313,
0.737656759152106,0.752012187695596,0.767067959296753,0.781289917354912,0.783094420125751,
0.807301426242217,0.821320022664425,0.837819781983751,0.860983900061546,0.871247874943675,
0.894658391212497,0.906990456153855,0.908963596925896,0.92003517318654,0.930652019174629,
0.940823574809775,0.949204316999079,0.950323178853227,0.959594415145993,0.968634783505563,
0.975105646483675,0.981492217109976,0.984071735362012,0.987725021749848,0.993892719856995,
1.),
.UNSPECIFIED.);
#1325=VERTEX_POINT('',#1733);
#1326=VERTEX_POINT('',#1734);
#1327=LINE('',#1735,#1736);
#1328=VERTEX_POINT('',#1738);
#1329=LINE('',#1739,#1740);
#1330=VERTEX_POINT('',#1742);
#1331=LINE('',#1743,#1744);
#1332=LINE('',#1746,#1747);
#1333=VERTEX_POINT('',#1749);
#1334=CIRCLE('',#1750,5.);
#1335=VERTEX_POINT('',#1754);
#1336=CIRCLE('',#1755,5.);
#1337=VERTEX_POINT('',#1759);
#1338=LINE('',#1760,#1761);
#1339=VERTEX_POINT('',#1763);
#1340=CIRCLE('',#1764,5.);
#1341=LINE('',#1768,#1769);
#1342=VERTEX_POINT('',#1771);
#1343=LINE('',#1772,#1773);
#1344=VERTEX_POINT('',#1775);
#1345=LINE('',#1776,#1777);
#1346=LINE('',#1779,#1780);
#1347=CIRCLE('',#1782,5.);
#1348=VERTEX_POINT('',#1786);
#1349=CIRCLE('',#1787,5.);
#1350=VERTEX_POINT('',#1791);
#1351=LINE('',#1792,#1793);
#1352=CIRCLE('',#1795,5.);
#1353=VERTEX_POINT('',#1799);
#1354=VERTEX_POINT('',#1800);
#1355=LINE('',#1801,#1802);
#1356=VERTEX_POINT('',#1804);
#1357=LINE('',#1805,#1806);
#1358=VERTEX_POINT('',#1808);
#1359=LINE('',#1809,#1810);
#1360=LINE('',#1812,#1813);
#1361=VERTEX_POINT('',#1815);
#1362=VERTEX_POINT('',#1816);
#1363=CIRCLE('',#1817,3.);
#1364=VERTEX_POINT('',#1821);
#1365=LINE('',#1822,#1823);
#1366=VERTEX_POINT('',#1825);
#1367=CIRCLE('',#1826,3.);
#1368=LINE('',#1830,#1831);
#1369=VERTEX_POINT('',#1833);
#1370=B_SPLINE_CURVE_WITH_KNOTS('',3,
(#1834,#1835,#1836,#1837,#1838,#1839,#1840,#1841,#1842,#1843,#1844,#1845,#1846,#1847,
#1848,#1849,#1850,#1851,#1852,#1853,#1854,#1855,#1856),
.UNSPECIFIED.,.F.,.F.,
(4,1,1,1,1,1,1,1,1,1,1,1,1,1,1,1,1,1,1,1,4),
(0.,0.0551199683798153,0.102785147501659,0.143755212221304,0.18303498739494,0.220045978500631,
0.253909921901814,0.291811951445519,0.336103460552842,0.391916159329814,0.45552274836943,
0.528672809280588,0.602023818227664,0.671186444482193,0.732638207536117,0.786164272375496,
0.835146099690552,0.882717288857993,0.933422077402142,0.973560847575047,1.),
.UNSPECIFIED.);
#1371=VERTEX_POINT('',#1857);
#1372=B_SPLINE_CURVE_WITH_KNOTS('',3,
(#1858,#1859,#1860,#1861,#1862,#1863,#1864,#1865,#1866,#1867,#1868,#1869,#1870,#1871,
#1872,#1873,#1874,#1875,#1876,#1877,#1878,#1879,#1880),
.UNSPECIFIED.,.F.,.F.,
(4,1,1,1,1,1,1,1,1,1,1,1,1,1,1,1,1,1,1,1,4),
(0.,0.0130097590102371,0.0251580850659207,0.0377308629523238,0.0559220511120555,
0.0826448607546411,0.120057159449617,0.167038971308283,0.222557197549794,0.287791053625732,
0.360575405411491,0.443924512705945,0.522357686860488,0.60319057833496,0.673242358874844,
0.737419352986425,0.789145768445208,0.845405638902588,0.912150360694493,0.966543508581003,
1.),
.UNSPECIFIED.);
#1373=VERTEX_POINT('',#1881);
#1374=LINE('',#1882,#1883);
#1375=VERTEX_POINT('',#1885);
#1376=B_SPLINE_CURVE_WITH_KNOTS('',3,
(#1886,#1887,#1888,#1889,#1890,#1891,#1892,#1893,#1894,#1895,#1896,#1897,#1898,#1899,
#1900,#1901,#1902,#1903,#1904,#1905,#1906),
.UNSPECIFIED.,.F.,.F.,
(4,1,1,1,1,1,1,1,1,1,1,1,1,1,1,1,1,1,4),
(0.,0.0566727589802175,0.106838500188135,0.148843314869009,0.186788328522508,0.227687641555302,
0.274907558771201,0.329997051891695,0.3960285452215,0.474647850556914,0.562913788039409,
0.658428757113576,0.75073403441964,0.823664948063873,0.876039591662603,0.910344691673032,
0.945443716194272,0.973790889284193,1.),
.UNSPECIFIED.);
#1377=B_SPLINE_CURVE_WITH_KNOTS('',3,
(#1907,#1908,#1909,#1910,#1911,#1912,#1913,#1914,#1915,#1916,#1917,#1918,#1919,#1920,
#1921,#1922,#1923,#1924,#1925),
.UNSPECIFIED.,.F.,.F.,
(4,1,1,1,1,1,1,1,1,1,1,1,1,1,1,1,4),
(0.,0.115444563367873,0.217380342217831,0.313237584458274,0.395425779267957,0.478882087511295,
0.549763889413844,0.615365019560586,0.676474187983078,0.734383646236445,0.78720340442357,
0.834695093320699,0.876717322819967,0.914479348332912,0.950405320155757,0.978586400470839,
1.),
.UNSPECIFIED.);
#1378=B_SPLINE_CURVE_WITH_KNOTS('',3,
(#1926,#1927,#1928,#1929,#1930,#1931,#1932,#1933,#1934,#1935,#1936,#1937,#1938,#1939,
#1940,#1941),
.UNSPECIFIED.,.F.,.F.,
(4,1,1,1,1,1,1,1,1,1,1,1,1,4),
(0.,0.0355260263144986,0.0755536209024936,0.120076314812055,0.192047652130394,0.268476415234217,
0.349367699765679,0.430184094763734,0.529410893674064,0.647054658449738,0.762545342290071,
0.864966596336888,0.943403528849854,1.),
.UNSPECIFIED.);
#1379=B_SPLINE_CURVE_WITH_KNOTS('',3,
(#1942,#1943,#1944,#1945,#1946,#1947,#1948,#1949,#1950,#1951,#1952,#1953,#1954,#1955,
#1956,#1957),
.UNSPECIFIED.,.F.,.F.,
(4,1,1,1,1,1,1,1,1,1,1,1,1,4),
(0.,0.0355266544489187,0.0755546701840274,0.120077575846211,0.192048801840156,0.268477302122708,
0.349368172297242,0.430184267079547,0.529410919779675,0.647054694039018,0.762545381226656,
0.864966631140895,0.943403547831112,1.),
.UNSPECIFIED.);
#1380=VERTEX_POINT('',#1958);
#1381=B_SPLINE_CURVE_WITH_KNOTS('',3,
(#1959,#1960,#1961,#1962,#1963,#1964,#1965,#1966,#1967,#1968,#1969,#1970,#1971,#1972,
#1973,#1974,#1975,#1976,#1977,#1978,#1979,#1980,#1981,#1982,#1983),
.UNSPECIFIED.,.F.,.F.,
(4,1,1,1,1,1,1,1,1,1,1,1,1,1,1,1,1,1,1,1,1,1,4),
(0.,0.113752269258812,0.211748630751481,0.290158174952098,0.364736809626807,0.436459757050249,
0.504745240931597,0.570741747452626,0.629498812784174,0.690771320281451,0.7438905245478,
0.791655635014773,0.83029691089896,0.865393035514612,0.893847476189206,0.914087776167675,
0.92857595438321,0.941283182926882,0.952209461798692,0.964346949836946,0.977997039746066,
0.990385590424039,1.),
.UNSPECIFIED.);
#1382=VERTEX_POINT('',#1984);
#1383=CIRCLE('',#1985,2.);
#1384=B_SPLINE_CURVE_WITH_KNOTS('',3,
(#1989,#1990,#1991,#1992,#1993,#1994,#1995,#1996,#1997,#1998,#1999,#2000,#2001,#2002,
#2003,#2004,#2005,#2006,#2007,#2008,#2009,#2010,#2011,#2012,#2013,#2014,#2015),
.UNSPECIFIED.,.F.,.F.,
(4,1,1,1,1,1,1,1,1,1,1,1,1,1,1,1,1,1,1,1,1,1,1,1,4),
(0.,0.0564033291331718,0.112459228910002,0.16814040076846,0.222909330172748,0.277217817233845,
0.329904507174108,0.381454406648421,0.431228431327882,0.480339772195352,0.52708436259934,
0.572094981064618,0.614267377562158,0.65533234650571,0.693600083213297,0.730188956478417,
0.764535653830407,0.798327865900154,0.83042434165129,0.861382216725844,0.890622512809237,
0.919279515388878,0.946774574498031,0.973681809400534,1.),
.UNSPECIFIED.);
#1385=VERTEX_POINT('',#2016);
#1386=CIRCLE('',#2017,2.);
#1387=LINE('',#2021,#2022);
#1388=VERTEX_POINT('',#2024);
#1389=B_SPLINE_CURVE_WITH_KNOTS('',3,
(#2025,#2026,#2027,#2028,#2029,#2030,#2031,#2032,#2033,#2034,#2035,#2036,#2037,#2038,
#2039,#2040,#2041,#2042,#2043,#2044,#2045,#2046,#2047,#2048,#2049),
.UNSPECIFIED.,.F.,.F.,
(4,1,1,1,1,1,1,1,1,1,1,1,1,1,1,1,1,1,1,1,1,1,4),
(0.,0.113752269257782,0.211748630749825,0.290158174949979,0.364736809623986,0.436459757048011,
0.504745240929937,0.570741747450367,0.629498812783681,0.690771320324444,0.743890524705809,
0.79165563538547,0.830296911799607,0.865393037018419,0.893847478201824,0.914087778337343,
0.928575956593675,0.941283185214889,0.952209464200985,0.964346952405703,0.977997042516815,
0.990385592350379,1.),
.UNSPECIFIED.);
#1390=B_SPLINE_CURVE_WITH_KNOTS('',3,
(#2050,#2051,#2052,#2053,#2054,#2055,#2056,#2057,#2058,#2059,#2060,#2061,#2062,#2063,
#2064,#2065,#2066,#2067,#2068,#2069,#2070,#2071,#2072,#2073,#2074,#2075,#2076),
.UNSPECIFIED.,.F.,.F.,
(4,1,1,1,1,1,1,1,1,1,1,1,1,1,1,1,1,1,1,1,1,1,1,1,4),
(0.,0.0564033291331624,0.112459228909993,0.16814040076845,0.22290933017274,0.277217817233834,
0.32990450717409,0.381454406648411,0.431228431327878,0.480339772195347,0.527084362599348,
0.572094981064626,0.614267377562172,0.65533234650573,0.693600083213324,0.730188956478455,
0.764535653830451,0.798327865900202,0.830424341651332,0.86138221672588,0.890622512809268,
0.919279515388898,0.946774574498035,0.973681809400531,1.),
.UNSPECIFIED.);
#1391=CIRCLE('',#2077,2.);
#1392=VERTEX_POINT('',#2081);
#1393=B_SPLINE_CURVE_WITH_KNOTS('',3,
(#2082,#2083,#2084,#2085,#2086,#2087,#2088,#2089,#2090,#2091,#2092,#2093,#2094,#2095,
#2096,#2097,#2098),
.UNSPECIFIED.,.F.,.F.,
(4,1,1,1,1,1,1,1,1,1,1,1,1,1,4),
(0.,0.119681346431122,0.224023587101629,0.310149062497321,0.394178606011446,0.474157792037245,
0.549379100802208,0.619842532306334,0.685977748114087,0.751355304020621,0.815975200025937,
0.873265394410534,0.922613090861288,0.962419600014722,1.),
.UNSPECIFIED.);
#1394=CIRCLE('',#2099,2.);
#1395=CIRCLE('',#2103,2.);
#1396=VERTEX_POINT('',#2107);
#1397=CIRCLE('',#2108,2.);
#1398=B_SPLINE_CURVE_WITH_KNOTS('',3,
(#2112,#2113,#2114,#2115,#2116,#2117,#2118,#2119,#2120,#2121,#2122,#2123,#2124,#2125,
#2126,#2127,#2128),
.UNSPECIFIED.,.F.,.F.,
(4,1,1,1,1,1,1,1,1,1,1,1,1,1,4),
(0.,0.119681346429483,0.224023587099432,0.310149062494814,0.394178606008079,0.474157792033047,
0.549379100797141,0.619842532300364,0.685977748106932,0.751355304010437,0.815975200010879,
0.873265394391535,0.922613090842566,0.962419600003466,1.),
.UNSPECIFIED.);
#1399=CIRCLE('',#2129,2.);
#1400=CIRCLE('',#2133,2.);
#1401=B_SPLINE_CURVE_WITH_KNOTS('',3,
(#2137,#2138,#2139,#2140,#2141,#2142,#2143,#2144,#2145,#2146,#2147,#2148,#2149,#2150,
#2151,#2152,#2153,#2154,#2155,#2156,#2157,#2158,#2159,#2160,#2161,#2162,#2163,#2164,
#2165,#2166,#2167,#2168,#2169,#2170,#2171,#2172,#2173,#2174,#2175,#2176,#2177,#2178,
#2179,#2180,#2181,#2182,#2183,#2184,#2185,#2186,#2187),
.UNSPECIFIED.,.F.,.F.,
(4,1,1,1,1,1,1,1,1,1,1,1,1,1,1,1,1,1,1,1,1,1,1,1,1,1,1,1,1,1,1,1,1,1,1,1,1,1,1,1,
1,1,1,1,1,1,1,1,4),
(0.,0.0213540940014482,0.0428348758630088,0.0643693156497094,0.0859454973279214,
0.107539708993178,0.129131626368543,0.150690232493092,0.172217703511522,0.193711260698796,
0.215166895539705,0.236632554692561,0.258100728546914,0.279595881150115,0.301182123592563,
0.32282430842443,0.344600903796801,0.366472770496402,0.388386481450043,0.410278332557214,
0.432017648519662,0.453605607747655,0.474845609766755,0.495771854444545,0.516230804107867,
0.536391550425072,0.556355356279149,0.576355447657322,0.596715373446159,0.617521303451629,
0.639498808112534,0.662636348793864,0.688301662678719,0.717156916502414,0.745534056800568,
0.768439646593258,0.784069565322243,0.797284369099514,0.811258636312785,0.829418557864794,
0.853089503889007,0.878221840843184,0.90165886440771,0.922989179313302,0.941696484344428,
0.958816123838343,0.973763798085233,0.987471792276846,1.),
.UNSPECIFIED.);
#1402=B_SPLINE_CURVE_WITH_KNOTS('',3,
(#2188,#2189,#2190,#2191,#2192,#2193,#2194,#2195,#2196,#2197,#2198,#2199,#2200,#2201,
#2202,#2203,#2204,#2205,#2206,#2207,#2208,#2209,#2210,#2211,#2212,#2213,#2214,#2215,
#2216,#2217,#2218,#2219,#2220,#2221,#2222,#2223,#2224,#2225,#2226,#2227,#2228,#2229,
#2230,#2231,#2232,#2233,#2234,#2235,#2236,#2237),
.UNSPECIFIED.,.F.,.F.,
(4,1,1,1,1,1,1,1,1,1,1,1,1,1,1,1,1,1,1,1,1,1,1,1,1,1,1,1,1,1,1,1,1,1,1,1,1,1,1,1,
1,1,1,1,1,1,1,4),
(0.,0.0173920703571514,0.036075390062468,0.0560402385667536,0.0781827809293718,0.101918043808022,
0.127585621655432,0.154253733397531,0.176355565654508,0.192388980761479,0.205136438318161,
0.218528396716395,0.237567038649916,0.264683574379674,0.297222306579249,0.328184192047642,
0.357158944105997,0.384237467158131,0.408931207035665,0.432391405653286,0.454535570078102,
0.476231947080604,0.497417312101765,0.518427995906925,0.539432995959405,0.560641772400676,
0.58200603525625,0.603444820931899,0.624847921061758,0.646226216387551,0.667369869553708,
0.688305536077206,0.708914332114785,0.729379707996294,0.749390358840665,0.769096984001909,
0.788315043691711,0.807325926869186,0.825893650050986,0.844207002296681,0.868119112047901,
0.891811197868827,0.915261163981322,0.9324944293973,0.949636081886083,0.966576214672885,
0.983375518466855,1.),
.UNSPECIFIED.);
#1403=B_SPLINE_CURVE_WITH_KNOTS('',3,
(#2238,#2239,#2240,#2241,#2242,#2243,#2244,#2245,#2246,#2247,#2248,#2249,#2250,#2251,
#2252,#2253,#2254,#2255,#2256,#2257,#2258,#2259,#2260,#2261,#2262,#2263,#2264,#2265,
#2266,#2267,#2268,#2269,#2270,#2271,#2272,#2273,#2274,#2275,#2276),
.UNSPECIFIED.,.F.,.F.,
(4,1,1,1,1,1,1,1,1,1,1,1,1,1,1,1,1,1,1,1,1,1,1,1,1,1,1,1,1,1,1,1,1,1,1,1,4),
(0.,0.0186818520910095,0.023519353007599,0.0383428015763214,0.057369977359339,0.0761767901404145,
0.0952403396891411,0.116398372475199,0.139683115409462,0.168615629233275,0.201069827041085,
0.240573606168262,0.283612896539048,0.331595929234694,0.380983991771227,0.445888120949717,
0.517849681182139,0.589813151954577,0.643226965606574,0.68493939050899,0.72159491893608,
0.757428178621766,0.786499496394073,0.809222877159327,0.82559044290847,0.84174518535411,
0.857396832134516,0.872757192728068,0.88765444448261,0.90235875905285,0.916813314857001,
0.931564725340327,0.945336906702946,0.959387605802372,0.973070757247615,0.986601627619982,
1.),
.UNSPECIFIED.);
#1404=CIRCLE('',#2277,2.);
#1405=CIRCLE('',#2281,2.);
#1406=B_SPLINE_CURVE_WITH_KNOTS('',3,
(#2285,#2286,#2287,#2288,#2289,#2290,#2291,#2292,#2293,#2294,#2295,#2296,#2297,#2298,
#2299,#2300,#2301,#2302,#2303,#2304,#2305,#2306,#2307,#2308,#2309,#2310,#2311,#2312,
#2313,#2314,#2315,#2316,#2317,#2318,#2319,#2320,#2321,#2322,#2323),
.UNSPECIFIED.,.F.,.F.,
(4,1,1,1,1,1,1,1,1,1,1,1,1,1,1,1,1,1,1,1,1,1,1,1,1,1,1,1,1,1,1,1,1,1,1,1,4),
(0.,0.0188862988996844,0.0235386877725271,0.0380807861925788,0.0573699736496053,
0.0761767901399108,0.095240339564312,0.116398372492769,0.139683115433771,0.168615629229846,
0.201069827016924,0.240573606170798,0.28361289655132,0.331595929234342,0.380983991766383,
0.445888120950885,0.517849681182521,0.589813151953126,0.643226965605726,0.684939390505388,
0.721594918920144,0.757428178620591,0.786499496389307,0.809222877257456,0.825590442898979,
0.841745184975048,0.857396831843988,0.872757193255933,0.887654443545117,0.902358753187698,
0.916813304304872,0.931564713220347,0.945336901323715,0.959387601393255,0.973070768451952,
0.986601633662739,1.),
.UNSPECIFIED.);
#1407=VERTEX_POINT('',#2324);
#1408=B_SPLINE_CURVE_WITH_KNOTS('',3,
(#2325,#2326,#2327,#2328,#2329,#2330,#2331,#2332,#2333,#2334,#2335,#2336,#2337,#2338,
#2339,#2340,#2341,#2342,#2343,#2344,#2345,#2346,#2347,#2348,#2349,#2350,#2351,#2352,
#2353,#2354,#2355,#2356,#2357,#2358,#2359,#2360,#2361,#2362,#2363,#2364,#2365,#2366,
#2367,#2368,#2369,#2370),
.UNSPECIFIED.,.F.,.F.,
(4,1,1,1,1,1,1,1,1,1,1,1,1,1,1,1,1,1,1,1,1,1,1,1,1,1,1,1,1,1,1,1,1,1,1,1,1,1,1,1,
1,1,1,4),
(0.,0.0099423149208157,0.0198576247556731,0.0297363835930442,0.0395318721942838,
0.049289106099661,0.0599754914166483,0.0716196443926728,0.088562030540599,0.105669997696143,
0.122913709005334,0.13519610710102,0.14669967697665,0.157556194294466,0.168558447523376,
0.180004657618794,0.191752326023068,0.203943610498295,0.216277900348134,0.22918988554807,
0.242536807948945,0.256630285988495,0.271035469947387,0.288702130110254,0.309310878234198,
0.34319349848936,0.379548191037192,0.418370713588106,0.448653593947102,0.478248831616903,
0.507918987390012,0.53835265465234,0.570833659589684,0.604613828396163,0.652475550982714,
0.700638433976323,0.749115203864025,0.795487817410844,0.839137295276618,0.880116864061185,
0.915167066755448,0.948011188353305,0.978661787177502,1.),
.UNSPECIFIED.);
#1409=CIRCLE('',#2371,2.);
#1410=VERTEX_POINT('',#2375);
#1411=CIRCLE('',#2376,2.);
#1412=B_SPLINE_CURVE_WITH_KNOTS('',3,
(#2380,#2381,#2382,#2383,#2384,#2385,#2386,#2387,#2388,#2389,#2390,#2391,#2392,#2393,
#2394,#2395,#2396,#2397,#2398,#2399,#2400,#2401,#2402,#2403,#2404,#2405,#2406,#2407,
#2408,#2409,#2410,#2411,#2412,#2413,#2414,#2415,#2416,#2417,#2418,#2419,#2420,#2421,
#2422,#2423,#2424,#2425),
.UNSPECIFIED.,.F.,.F.,
(4,1,1,1,1,1,1,1,1,1,1,1,1,1,1,1,1,1,1,1,1,1,1,1,1,1,1,1,1,1,1,1,1,1,1,1,1,1,1,1,
1,1,1,4),
(0.,0.00994231492138674,0.0198576247568982,0.0297363835947873,0.0395318721964533,
0.0492891061023195,0.0599754914197478,0.0716196443961268,0.0885620305443664,0.105669997700178,
0.122913709009571,0.13519610710527,0.146699676980865,0.157556194298613,0.168558447527449,
0.180004657622813,0.191752326027028,0.203943610502211,0.216277900352002,0.229189885551903,
0.24253680795274,0.256630285992256,0.27103546995111,0.288702130113943,0.309310878237839,
0.343193498492934,0.379548191040692,0.418370713591528,0.448653593950457,0.47824883162019,
0.507918987393236,0.538352654655494,0.570833659592743,0.604613828399117,0.652475550985495,
0.700638433978908,0.749115203866387,0.795487817412924,0.839137295278399,0.880116864062635,
0.91516706675652,0.948011188353989,0.978661787177793,1.),
.UNSPECIFIED.);
#1413=LINE('',#2426,#2427);
#1414=LINE('',#2429,#2430);
#1415=LINE('',#2432,#2433);
#1416=LINE('',#2435,#2436);
#1417=CIRCLE('',#2438,0.1);
#1418=CIRCLE('',#2442,0.1);
#1419=CIRCLE('',#2446,0.1);
#1420=CIRCLE('',#2450,0.1);
#1421=AXIS2_PLACEMENT_3D('',#1422,#1423,#1424);
#1422=CARTESIAN_POINT('',(17.5,2.78944154071202,11.5));
#1423=DIRECTION('',(0.,0.,1.));
#1424=DIRECTION('',(0.,-1.,0.));
#1425=AXIS2_PLACEMENT_3D('',#1426,#1427,#1428);
#1426=CARTESIAN_POINT('',(-17.5,2.78944154071202,11.5));
#1427=DIRECTION('',(0.,0.,1.));
#1428=DIRECTION('',(0.,1.,0.));
#1429=AXIS2_PLACEMENT_3D('',#1430,#1431,#1432);
#1430=CARTESIAN_POINT('',(-17.5,2.78944154071202,12.5));
#1431=DIRECTION('',(0.,0.,1.));
#1432=DIRECTION('',(0.,1.,0.));
#1433=AXIS2_PLACEMENT_3D('',#1434,#1435,#1436);
#1434=CARTESIAN_POINT('',(17.5,2.78944154071202,12.5));
#1435=DIRECTION('',(0.,0.,1.));
#1436=DIRECTION('',(0.,-1.,0.));
#1437=AXIS2_PLACEMENT_3D('',#1438,#1439,#1440);
#1438=CARTESIAN_POINT('',(-17.5,2.78944154071202,-65.5));
#1439=DIRECTION('',(0.,0.,-1.));
#1440=DIRECTION('',(-7.105427357601E-16,-1.,0.));
#1441=AXIS2_PLACEMENT_3D('',#1442,#1443,#1444);
#1442=CARTESIAN_POINT('',(17.5,2.78944154071202,-65.5));
#1443=DIRECTION('',(0.,0.,-1.));
#1444=DIRECTION('',(0.979795897113271,0.2,0.));
#1445=CARTESIAN_POINT('',(-17.5,6.78944154071202,12.2));
#1446=CARTESIAN_POINT('',(17.5,6.78944154071202,12.2));
#1447=CARTESIAN_POINT('',(-17.5,6.78944154071202,12.2));
#1448=VECTOR('',#1449,1.);
#1449=DIRECTION('',(1.,-5.07530525542929E-17,0.));
#1450=CARTESIAN_POINT('',(-17.5,6.78944154071202,-15.4999999999999));
#1451=CARTESIAN_POINT('',(-17.5,6.78944154071202,-15.4999999999999));
#1452=VECTOR('',#1453,1.);
#1453=DIRECTION('',(0.,0.,1.));
#1454=CARTESIAN_POINT('',(17.5,6.78944154071202,-15.499998018624));
#1455=CARTESIAN_POINT('',(-17.5,6.78944154071202,-15.5));
#1456=VECTOR('',#1457,1.);
#1457=DIRECTION('',(1.,-5.07530525542929E-17,0.));
#1458=CARTESIAN_POINT('',(17.5,6.78944154071202,-15.4999968297984));
#1459=VECTOR('',#1460,1.);
#1460=DIRECTION('',(0.,0.,1.));
#1461=CARTESIAN_POINT('',(-17.5,-1.21055845928798,12.2));
#1462=AXIS2_PLACEMENT_3D('',#1463,#1464,#1465);
#1463=CARTESIAN_POINT('',(-17.5,2.78944154071202,12.2));
#1464=DIRECTION('',(0.,0.,-1.));
#1465=DIRECTION('',(0.,-1.,0.));
#1466=CARTESIAN_POINT('',(-17.5,-1.21055845928798,-63.5));
#1467=CARTESIAN_POINT('',(-17.5,-1.21055845928798,12.2));
#1468=VECTOR('',#1469,1.);
#1469=DIRECTION('',(0.,0.,-1.));
#1470=CARTESIAN_POINT('',(-21.5,2.78944154075037,-63.5));
#1471=AXIS2_PLACEMENT_3D('',#1472,#1473,#1474);
#1472=CARTESIAN_POINT('',(-17.5,2.78944154071202,-63.5));
#1473=DIRECTION('',(0.,0.,-1.));
#1474=DIRECTION('',(0.,-1.,0.));
#1475=CARTESIAN_POINT('',(-21.5,2.78944154197661,-16.0358983843339));
#1476=CARTESIAN_POINT('',(-21.5,2.78944154166046,-16.0358983843339));
#1477=VECTOR('',#1478,1.);
#1478=DIRECTION('',(0.,-1.91743040024457E-11,-1.));
#1479=CARTESIAN_POINT('',(-20.9642510765586,4.78918257653611,-15.6270455897492));
#1480=CARTESIAN_POINT('',(-21.5,2.7894415426089,-16.0358983843339));
#1481=CARTESIAN_POINT('',(-21.4999999999553,2.88364117958852,-16.0097076515052));
#1482=CARTESIAN_POINT('',(-21.4937749786152,3.06070314021804,-15.9595575315973));
#1483=CARTESIAN_POINT('',(-21.4686632396126,3.30628135659453,-15.8984553547177));
#1484=CARTESIAN_POINT('',(-21.4358423229955,3.51092010138768,-15.8509631164026));
#1485=CARTESIAN_POINT('',(-21.399420602455,3.68592648494005,-15.8129212996705));
#1486=CARTESIAN_POINT('',(-21.3581059242918,3.85003772925191,-15.7794173344004));
#1487=CARTESIAN_POINT('',(-21.3085346963373,4.01641480780504,-15.7476251037361));
#1488=CARTESIAN_POINT('',(-21.2490876134346,4.18786429569519,-15.7170679050902));
#1489=CARTESIAN_POINT('',(-21.1786839742553,4.36428397630332,-15.6878200993717));
#1490=CARTESIAN_POINT('',(-21.1012250394492,4.53373447240199,-15.6619490327783));
#1491=CARTESIAN_POINT('',(-21.0279594158222,4.67625564149117,-15.6419308339735));
#1492=CARTESIAN_POINT('',(-20.9827567569774,4.75712988722343,-15.6311792529469));
#1493=CARTESIAN_POINT('',(-20.9641016151378,4.78944154071201,-15.6270040400026));
#1494=CARTESIAN_POINT('',(-20.9641016151382,4.7894415407113,-15.627014930865));
#1495=CARTESIAN_POINT('',(-20.9071536384306,4.88807832975719,-15.6143037614235));
#1496=CARTESIAN_POINT('',(-20.7922393132718,5.06864677074268,-15.5928822543945));
#1497=CARTESIAN_POINT('',(-20.6093460669592,5.31120405893088,-15.5683478723356));
#1498=CARTESIAN_POINT('',(-20.4278245329507,5.51918159171205,-15.5503487128662));
#1499=CARTESIAN_POINT('',(-20.2341028303422,5.71342625061707,-15.5359800125239));
#1500=CARTESIAN_POINT('',(-20.0211535956896,5.89955232181796,-15.5244663681248));
#1501=CARTESIAN_POINT('',(-19.7774081615047,6.08278650209744,-15.5153086857296));
#1502=CARTESIAN_POINT('',(-19.5009455261231,6.25857238375571,-15.5084994703743));
#1503=CARTESIAN_POINT('',(-19.1808583248763,6.42574593723188,-15.5038695191533));
#1504=CARTESIAN_POINT('',(-18.8130725583186,6.57546829953482,-15.5012317039809));
#1505=CARTESIAN_POINT('',(-18.4004072023259,6.69517183352946,-15.5001763322866));
#1506=CARTESIAN_POINT('',(-17.9579893750368,6.77191113145847,-15.4999839466134));
#1507=CARTESIAN_POINT('',(-17.6536967622013,6.78944154071202,-15.5000029794023));
#1508=CARTESIAN_POINT('',(-17.5,6.78944154071202,-15.4999999999999));
#1509=CARTESIAN_POINT('',(17.5,-1.21055845928798,12.2));
#1510=AXIS2_PLACEMENT_3D('',#1511,#1512,#1513);
#1511=CARTESIAN_POINT('',(17.5,2.78944154071202,12.2));
#1512=DIRECTION('',(0.,0.,-1.));
#1513=DIRECTION('',(0.,1.,0.));
#1514=CARTESIAN_POINT('',(20.9636973773289,4.79014104841603,-15.6269294049089));
#1515=CARTESIAN_POINT('',(17.5,6.78944154071202,-15.4999968297984));
#1516=CARTESIAN_POINT('',(17.6815010615294,6.78944154071202,-15.4999936976093));
#1517=CARTESIAN_POINT('',(18.0207962973336,6.76636148530685,-15.4999600842391));
#1518=CARTESIAN_POINT('',(18.4886286458364,6.67379418095279,-15.5002323466403));
#1519=CARTESIAN_POINT('',(18.898518822264,6.54431159773628,-15.501688807377));
#1520=CARTESIAN_POINT('',(19.2704967039123,6.38383521336803,-15.5048020146267));
#1521=CARTESIAN_POINT('',(19.6268193670116,6.18543178890015,-15.5109416717111));
#1522=CARTESIAN_POINT('',(19.9529111746929,5.95729467101057,-15.5210473581527));
#1523=CARTESIAN_POINT('',(20.2342954884126,5.71585574108417,-15.5355898856425));
#1524=CARTESIAN_POINT('',(20.4567364215891,5.48867905397868,-15.5527208454749));
#1525=CARTESIAN_POINT('',(20.6418898226888,5.26986769274056,-15.572333143804));
#1526=CARTESIAN_POINT('',(20.8077910893437,5.04483564023899,-15.5956148811692));
#1527=CARTESIAN_POINT('',(20.9127788441159,4.87833518770717,-15.6155476530485));
#1528=CARTESIAN_POINT('',(20.9641016151378,4.78944154071188,-15.6270244573824));
#1529=CARTESIAN_POINT('',(21.5,2.78944154071202,-16.0358983848576));
#1530=CARTESIAN_POINT('',(20.9641016151378,4.78944154071201,-15.6270052494087));
#1531=CARTESIAN_POINT('',(21.0226199409552,4.68808482722227,-15.6401210667985));
#1532=CARTESIAN_POINT('',(21.121191776517,4.49891836365084,-15.6664237783055));
#1533=CARTESIAN_POINT('',(21.2332786858751,4.23302270906066,-15.7090630258136));
#1534=CARTESIAN_POINT('',(21.3077939288509,4.01958136788131,-15.7469102513221));
#1535=CARTESIAN_POINT('',(21.3611517294118,3.83911672289882,-15.781640580729));
#1536=CARTESIAN_POINT('',(21.4036849085651,3.66792800874565,-15.8167591142455));
#1537=CARTESIAN_POINT('',(21.4392058345602,3.49189606838372,-15.8552052042489));
#1538=CARTESIAN_POINT('',(21.4665418153346,3.31593701699698,-15.8962348935502));
#1539=CARTESIAN_POINT('',(21.4859085377131,3.13971262985181,-15.9401136784705));
#1540=CARTESIAN_POINT('',(21.4974570526792,2.96448517433346,-15.9863746823616));
#1541=CARTESIAN_POINT('',(21.5,2.84788928922199,-16.0189430875049));
#1542=CARTESIAN_POINT('',(21.5,2.78944154071203,-16.0358983848576));
#1543=CARTESIAN_POINT('',(21.5,2.78944154071202,-63.5));
#1544=CARTESIAN_POINT('',(21.5,2.78944154071202,-16.0358983848576));
#1545=VECTOR('',#1546,1.);
#1546=DIRECTION('',(0.,-1.02919493725174E-16,-1.));
#1547=CARTESIAN_POINT('',(17.5,-1.21055845928798,-63.5));
#1548=AXIS2_PLACEMENT_3D('',#1549,#1550,#1551);
#1549=CARTESIAN_POINT('',(17.5,2.78944154071202,-63.5));
#1550=DIRECTION('',(0.,0.,-1.));
#1551=DIRECTION('',(1.,-2.22044604925031E-16,0.));
#1552=CARTESIAN_POINT('',(17.5,-1.21055845928798,12.2));
#1553=VECTOR('',#1554,1.);
#1554=DIRECTION('',(0.,0.,-1.));
#1555=CARTESIAN_POINT('',(17.5,-1.21055845928798,12.2));
#1556=VECTOR('',#1557,1.);
#1557=DIRECTION('',(-1.,5.07530525542929E-17,0.));
#1558=CARTESIAN_POINT('',(-17.5,-1.21055845928798,-63.5));
#1559=VECTOR('',#1560,1.);
#1560=DIRECTION('',(1.,-6.34413156928661E-17,0.));
#1561=CARTESIAN_POINT('',(17.5,7.68944154071202,12.5));
#1562=CARTESIAN_POINT('',(-17.5,7.68944154071202,12.5));
#1563=CARTESIAN_POINT('',(17.5,7.68944154071202,12.5));
#1564=VECTOR('',#1565,1.);
#1565=DIRECTION('',(-1.,5.07530525542929E-17,5.07530525542929E-17));
#1566=CARTESIAN_POINT('',(-17.5,-2.11055845928798,12.5));
#1567=AXIS2_PLACEMENT_3D('',#1568,#1569,#1570);
#1568=CARTESIAN_POINT('',(-17.5,2.78944154071202,12.5));
#1569=DIRECTION('',(0.,0.,1.));
#1570=DIRECTION('',(0.,1.,0.));
#1571=CARTESIAN_POINT('',(17.5,-2.11055845928798,12.5));
#1572=CARTESIAN_POINT('',(-17.5,-2.11055845928798,12.5));
#1573=VECTOR('',#1574,1.);
#1574=DIRECTION('',(1.,-5.07530525542929E-17,5.07530525542929E-17));
#1575=AXIS2_PLACEMENT_3D('',#1576,#1577,#1578);
#1576=CARTESIAN_POINT('',(17.5,2.78944154071202,12.5));
#1577=DIRECTION('',(0.,0.,1.));
#1578=DIRECTION('',(0.,-1.,0.));
#1579=CARTESIAN_POINT('',(-17.5,-1.51055845928798,12.5));
#1580=CARTESIAN_POINT('',(-17.5,7.08944154071202,12.5));
#1581=AXIS2_PLACEMENT_3D('',#1582,#1583,#1584);
#1582=CARTESIAN_POINT('',(-17.5,2.78944154071202,12.5));
#1583=DIRECTION('',(0.,0.,-1.));
#1584=DIRECTION('',(0.,-1.,0.));
#1585=CARTESIAN_POINT('',(17.5,7.08944154071201,12.5));
#1586=CARTESIAN_POINT('',(-17.5,7.08944154071202,12.5));
#1587=VECTOR('',#1588,1.);
#1588=DIRECTION('',(1.,-5.07530525542929E-17,0.));
#1589=CARTESIAN_POINT('',(17.5,-1.51055845928798,12.5));
#1590=AXIS2_PLACEMENT_3D('',#1591,#1592,#1593);
#1591=CARTESIAN_POINT('',(17.5,2.78944154071202,12.5));
#1592=DIRECTION('',(0.,0.,-1.));
#1593=DIRECTION('',(0.,1.,0.));
#1594=CARTESIAN_POINT('',(17.5,-1.51055845928798,12.5));
#1595=VECTOR('',#1596,1.);
#1596=DIRECTION('',(-1.,5.07530525542929E-17,0.));
#1597=CARTESIAN_POINT('',(21.5,2.78944154071202,-63.5));
#1598=VECTOR('',#1599,1.);
#1599=DIRECTION('',(-1.,8.26212483441977E-17,-1.65242496688395E-16));
#1600=CARTESIAN_POINT('',(17.4999999907353,2.78944154071202,-19.5));
#1601=CARTESIAN_POINT('',(17.4999999907353,2.78944154071202,-19.5));
#1602=CARTESIAN_POINT('',(17.5300321924558,2.78944154071202,-19.4879620597284));
#1603=CARTESIAN_POINT('',(17.5911107713132,2.78944154071202,-19.4656875823852));
#1604=CARTESIAN_POINT('',(17.6842397829607,2.78944154071202,-19.4348349794298));
#1605=CARTESIAN_POINT('',(17.77565428054,2.78944154071202,-19.4022894782599));
#1606=CARTESIAN_POINT('',(17.838497508592,2.78944154071202,-19.3796867022039));
#1607=CARTESIAN_POINT('',(17.9023617768114,2.78944154071202,-19.3571907882555));
#1608=CARTESIAN_POINT('',(17.9695502519723,2.78944154071202,-19.3328899034707));
#1609=CARTESIAN_POINT('',(18.0680930620362,2.78944154071202,-19.2975193037013));
#1610=CARTESIAN_POINT('',(18.1689567238327,2.78944154071202,-19.2607452731975));
#1611=CARTESIAN_POINT('',(18.2715223643155,2.78944154071202,-19.222924444546));
#1612=CARTESIAN_POINT('',(18.380530880166,2.78944154071202,-19.1822107238607));
#1613=CARTESIAN_POINT('',(18.4705348623136,2.78944154071202,-19.1480858438467));
#1614=CARTESIAN_POINT('',(18.5552880361328,2.78944154071202,-19.1154633416477));
#1615=CARTESIAN_POINT('',(18.6503806413489,2.78944154071202,-19.0784858467527));
#1616=CARTESIAN_POINT('',(18.7803225130587,2.78944154071202,-19.0267802923329));
#1617=CARTESIAN_POINT('',(18.9315538136119,2.78944154071202,-18.9645560586882));
#1618=CARTESIAN_POINT('',(19.0835194703914,2.78944154071202,-18.8995315083243));
#1619=CARTESIAN_POINT('',(19.2135124060748,2.78944154071202,-18.8415777156783));
#1620=CARTESIAN_POINT('',(19.3107825659939,2.78944154071202,-18.7964292880555));
#1621=CARTESIAN_POINT('',(19.3997957667781,2.78944154071202,-18.7542344423461));
#1622=CARTESIAN_POINT('',(19.4981592360171,2.78944154071202,-18.7059912586435));
#1623=CARTESIAN_POINT('',(19.6154171460203,2.78944154071202,-18.645810131756));
#1624=CARTESIAN_POINT('',(19.7274747761834,2.78944154071202,-18.5855361570099));
#1625=CARTESIAN_POINT('',(19.8382122019931,2.78944154071202,-18.5229423630659));
#1626=CARTESIAN_POINT('',(19.9379679482254,2.78944154071202,-18.4634938875433));
#1627=CARTESIAN_POINT('',(20.0097544102153,2.78944154071202,-18.4186187223529));
#1628=CARTESIAN_POINT('',(20.0807785970655,2.78944154071202,-18.3728757804515));
#1629=CARTESIAN_POINT('',(20.1596374797765,2.78944154071202,-18.3202433676105));
#1630=CARTESIAN_POINT('',(20.2616482857229,2.78944154071202,-18.2478682314639));
#1631=CARTESIAN_POINT('',(20.3538568735958,2.78944154071202,-18.1782256369725));
#1632=CARTESIAN_POINT('',(20.4173732391203,2.78944154071202,-18.1273437266072));
#1633=CARTESIAN_POINT('',(20.4790360485932,2.78944154071202,-18.0763341191369));
#1634=CARTESIAN_POINT('',(20.5440955987843,2.78944154071202,-18.0203358009305));
#1635=CARTESIAN_POINT('',(20.6294348896344,2.78944154071202,-17.9418739576381));
#1636=CARTESIAN_POINT('',(20.6923166526176,2.78944154071202,-17.8799586996495));
#1637=CARTESIAN_POINT('',(20.7520833937237,2.78944154071202,-17.8184043343211));
#1638=CARTESIAN_POINT('',(20.8165849681744,2.78944154071202,-17.7488471518135));
#1639=CARTESIAN_POINT('',(20.8904435030177,2.78944154071202,-17.6626344153762));
#1640=CARTESIAN_POINT('',(20.947488643653,2.78944154071202,-17.5904825865394));
#1641=CARTESIAN_POINT('',(20.9938606239872,2.78944154071202,-17.5289864372474));
#1642=CARTESIAN_POINT('',(21.0390219366502,2.78944154071202,-17.466013461958));
#1643=CARTESIAN_POINT('',(21.0889328151415,2.78944154071202,-17.3912228873054));
#1644=CARTESIAN_POINT('',(21.1211733300379,2.78944154071202,-17.3394922048946));
#1645=CARTESIAN_POINT('',(21.1514135013007,2.78944154071202,-17.2891530043057));
#1646=CARTESIAN_POINT('',(21.1858412822694,2.78944154071202,-17.2294985379746));
#1647=CARTESIAN_POINT('',(21.2337631242524,2.78944154071202,-17.1388785608601));
#1648=CARTESIAN_POINT('',(21.2662143874214,2.78944154071202,-17.0707951969896));
#1649=CARTESIAN_POINT('',(21.2958101479498,2.78944154071202,-17.0049692249444));
#1650=CARTESIAN_POINT('',(21.3198653769996,2.78944154071202,-16.9483439126517));
#1651=CARTESIAN_POINT('',(21.3504091305482,2.78944154071202,-16.8688494886673));
#1652=CARTESIAN_POINT('',(21.3703472446358,2.78944154071202,-16.811838221182));
#1653=CARTESIAN_POINT('',(21.3859675018058,2.78944154071202,-16.7640104564456));
#1654=CARTESIAN_POINT('',(21.4005603426184,2.78944154071202,-16.7169575325503));
#1655=CARTESIAN_POINT('',(21.4176768386108,2.78944154071202,-16.6566262973289));
#1656=CARTESIAN_POINT('',(21.429553789378,2.78944154071202,-16.609705596764));
#1657=CARTESIAN_POINT('',(21.4406109721676,2.78944154071202,-16.5631584243877));
#1658=CARTESIAN_POINT('',(21.4511649915774,2.78944154071202,-16.515451752504));
#1659=CARTESIAN_POINT('',(21.4608356754357,2.78944154071202,-16.4647251071777));
#1660=CARTESIAN_POINT('',(21.4688298377797,2.78944154071202,-16.4184592569586));
#1661=CARTESIAN_POINT('',(21.4760690036009,2.78944154071202,-16.3725844250689));
#1662=CARTESIAN_POINT('',(21.4836405377491,2.78944154071202,-16.3147302513377));
#1663=CARTESIAN_POINT('',(21.4884895864981,2.78944154071202,-16.2689377603759));
#1664=CARTESIAN_POINT('',(21.4926416341329,2.78944154071202,-16.2234220379911));
#1665=CARTESIAN_POINT('',(21.496290587654,2.78944154071202,-16.172978106461));
#1666=CARTESIAN_POINT('',(21.4983021418872,2.78944154071202,-16.1276660441351));
#1667=CARTESIAN_POINT('',(21.4996506319508,2.78944154071202,-16.0825785937932));
#1668=CARTESIAN_POINT('',(21.5000000659622,2.78944154071202,-16.0584305757651));
#1669=CARTESIAN_POINT('',(21.5,2.78944154071202,-16.0358983848577));
#1670=CARTESIAN_POINT('',(-17.4999998525744,2.78944154071202,-19.5000000001593));
#1671=CARTESIAN_POINT('',(17.4999999907353,2.78944154071202,-19.5));
#1672=VECTOR('',#1673,1.);
#1673=DIRECTION('',(-1.,5.07530527852692E-17,0.));
#1674=CARTESIAN_POINT('',(-17.4999998525744,2.78944154071202,-19.5000000001593));
#1675=CARTESIAN_POINT('',(-17.5680378346195,2.78944154071202,-19.4756974999317));
#1676=CARTESIAN_POINT('',(-17.705313189594,2.78944154071202,-19.4270734833312));
#1677=CARTESIAN_POINT('',(-17.9102443932064,2.78944154071202,-19.354533200407));
#1678=CARTESIAN_POINT('',(-18.1112618067264,2.78944154071202,-19.2818601860066));
#1679=CARTESIAN_POINT('',(-18.2946614807145,2.78944154071202,-19.2145284188592));
#1680=CARTESIAN_POINT('',(-18.4232444669441,2.78944154071202,-19.1660187531361));
#1681=CARTESIAN_POINT('',(-18.5485197942911,2.78944154071202,-19.1182733844445));
#1682=CARTESIAN_POINT('',(-18.6820713789287,2.78944154071202,-19.066207941322));
#1683=CARTESIAN_POINT('',(-18.8612421464455,2.78944154071202,-18.9938802950042));
#1684=CARTESIAN_POINT('',(-19.0358195233722,2.78944154071202,-18.9204023578344));
#1685=CARTESIAN_POINT('',(-19.2046668822871,2.78944154071202,-18.8458439923331));
#1686=CARTESIAN_POINT('',(-19.3677633642265,2.78944154071202,-18.7700631583821));
#1687=CARTESIAN_POINT('',(-19.5226220736698,2.78944154071202,-18.6939497561984));
#1688=CARTESIAN_POINT('',(-19.6425791151866,2.78944154071202,-18.631418855726));
#1689=CARTESIAN_POINT('',(-19.7377367800303,2.78944154071202,-18.5795462463208));
#1690=CARTESIAN_POINT('',(-19.8282649018822,2.78944154071202,-18.5286574084998));
#1691=CARTESIAN_POINT('',(-19.9396819696155,2.78944154071202,-18.4628022413093));
#1692=CARTESIAN_POINT('',(-20.0735976336415,2.78944154071202,-18.3784075719434));
#1693=CARTESIAN_POINT('',(-20.176466259634,2.78944154071202,-18.3085680787505));
#1694=CARTESIAN_POINT('',(-20.274678411613,2.78944154071202,-18.2379545321649));
#1695=CARTESIAN_POINT('',(-20.3729751786514,2.78944154071202,-18.1639964206508));
#1696=CARTESIAN_POINT('',(-20.4886653844158,2.78944154071202,-18.0693047121951));
#1697=CARTESIAN_POINT('',(-20.5706639775167,2.78944154071202,-17.9960005003162));
#1698=CARTESIAN_POINT('',(-20.6398481804678,2.78944154071202,-17.9315220297344));
#1699=CARTESIAN_POINT('',(-20.7085576251512,2.78944154071202,-17.8644723156313));
#1700=CARTESIAN_POINT('',(-20.7865805852202,2.78944154071202,-17.7816954490082));
#1701=CARTESIAN_POINT('',(-20.8440039275902,2.78944154071202,-17.7167215164073));
#1702=CARTESIAN_POINT('',(-20.8954972002236,2.78944154071202,-17.6559077195226));
#1703=CARTESIAN_POINT('',(-20.9512194800151,2.78944154071202,-17.5862482015234));
#1704=CARTESIAN_POINT('',(-21.0018832536738,2.78944154071202,-17.5180235313655));
#1705=CARTESIAN_POINT('',(-21.0366077543702,2.78944154071202,-17.4687400756456));
#1706=CARTESIAN_POINT('',(-21.0675421926196,2.78944154071202,-17.4234373790316));
#1707=CARTESIAN_POINT('',(-21.1046708004994,2.78944154071202,-17.3665009156227));
#1708=CARTESIAN_POINT('',(-21.1476756267361,2.78944154071202,-17.2960091157763));
#1709=CARTESIAN_POINT('',(-21.1767612508885,2.78944154071202,-17.2448826038212));
#1710=CARTESIAN_POINT('',(-21.2132711495406,2.78944154071202,-17.1780766795461));
#1711=CARTESIAN_POINT('',(-21.2477606683696,2.78944154071202,-17.1106072449186));
#1712=CARTESIAN_POINT('',(-21.2910485199858,2.78944154071202,-17.016508974263));
#1713=CARTESIAN_POINT('',(-21.330383422724,2.78944154071202,-16.9228226125408));
#1714=CARTESIAN_POINT('',(-21.3631060490232,2.78944154071202,-16.8341551943806));
#1715=CARTESIAN_POINT('',(-21.3964989925396,2.78944154071202,-16.7318996594228));
#1716=CARTESIAN_POINT('',(-21.420343663935,2.78944154071202,-16.6481216602962));
#1717=CARTESIAN_POINT('',(-21.4370385522287,2.78944154071202,-16.5787062572642));
#1718=CARTESIAN_POINT('',(-21.4474904137981,2.78944154071202,-16.5318242232175));
#1719=CARTESIAN_POINT('',(-21.4565704699357,2.78944154071202,-16.4879641063322));
#1720=CARTESIAN_POINT('',(-21.4672886809618,2.78944154071202,-16.4286174325551));
#1721=CARTESIAN_POINT('',(-21.4757684137613,2.78944154071202,-16.3740636609297));
#1722=CARTESIAN_POINT('',(-21.4806765038193,2.78944154071202,-16.3371615347557));
#1723=CARTESIAN_POINT('',(-21.4849612911661,2.78944154071202,-16.3019015300009));
#1724=CARTESIAN_POINT('',(-21.4889448619289,2.78944154071192,-16.2653506204168));
#1725=CARTESIAN_POINT('',(-21.4930037067042,2.78944154071232,-16.2186347858559));
#1726=CARTESIAN_POINT('',(-21.4958205537547,2.78944154071124,-16.1772983700081));
#1727=CARTESIAN_POINT('',(-21.4973556045516,2.78944154071419,-16.1481300346269));
#1728=CARTESIAN_POINT('',(-21.4983510043289,2.78944154070856,-16.1242730210923));
#1729=CARTESIAN_POINT('',(-21.4991522942452,2.78944154073762,-16.1008222307805));
#1730=CARTESIAN_POINT('',(-21.499825789475,2.78944154054397,-16.0706876481996));
#1731=CARTESIAN_POINT('',(-21.4999995004313,2.78944154106327,-16.047457198208));
#1732=CARTESIAN_POINT('',(-21.5,2.78944154166046,-16.0358983843339));
#1733=CARTESIAN_POINT('',(17.5,7.78944154071202,12.4));
#1734=CARTESIAN_POINT('',(-17.5,7.78944154071202,12.4));
#1735=CARTESIAN_POINT('',(17.5,7.78944154071202,12.4));
#1736=VECTOR('',#1737,1.);
#1737=DIRECTION('',(-1.,5.07530525542929E-17,1.01506105108586E-16));
#1738=CARTESIAN_POINT('',(17.5,7.78944154071202,-16.5));
#1739=CARTESIAN_POINT('',(17.5,7.78944154071202,-16.5));
#1740=VECTOR('',#1741,1.);
#1741=DIRECTION('',(0.,0.,1.));
#1742=CARTESIAN_POINT('',(-17.5,7.78944154071202,-16.5));
#1743=CARTESIAN_POINT('',(-17.5,7.78944154071202,-16.5));
#1744=VECTOR('',#1745,1.);
#1745=DIRECTION('',(1.,-5.07530525542929E-17,0.));
#1746=CARTESIAN_POINT('',(-17.5,7.78944154071202,-16.5));
#1747=VECTOR('',#1748,1.);
#1748=DIRECTION('',(0.,0.,1.));
#1749=CARTESIAN_POINT('',(-17.5,-2.21055845928798,12.4));
#1750=AXIS2_PLACEMENT_3D('',#1751,#1752,#1753);
#1751=CARTESIAN_POINT('',(-17.5,2.78944154071202,12.4));
#1752=DIRECTION('',(0.,0.,1.));
#1753=DIRECTION('',(0.,1.,0.));
#1754=CARTESIAN_POINT('',(-22.2140452079103,1.12277487404535,-16.5));
#1755=AXIS2_PLACEMENT_3D('',#1756,#1757,#1758);
#1756=CARTESIAN_POINT('',(-17.5,2.78944154071202,-16.5));
#1757=DIRECTION('',(0.,0.,-1.));
#1758=DIRECTION('',(-0.942809041582063,-0.333333333333334,0.));
#1759=CARTESIAN_POINT('',(-22.2140452079103,1.12277487404535,-64.5));
#1760=CARTESIAN_POINT('',(-22.2140452079103,1.12277487404535,-16.5));
#1761=VECTOR('',#1762,1.);
#1762=DIRECTION('',(0.,0.,-1.));
#1763=CARTESIAN_POINT('',(-17.5,-2.21055845928798,-64.5));
#1764=AXIS2_PLACEMENT_3D('',#1765,#1766,#1767);
#1765=CARTESIAN_POINT('',(-17.5,2.78944154071202,-64.5));
#1766=DIRECTION('',(0.,0.,1.));
#1767=DIRECTION('',(-0.942809041582063,-0.333333333333333,0.));
#1768=CARTESIAN_POINT('',(-17.5,-2.21055845928798,12.4));
#1769=VECTOR('',#1770,1.);
#1770=DIRECTION('',(0.,0.,-1.));
#1771=CARTESIAN_POINT('',(17.5,-2.21055845928798,12.4));
#1772=CARTESIAN_POINT('',(-17.5,-2.21055845928798,12.4));
#1773=VECTOR('',#1774,1.);
#1774=DIRECTION('',(1.,-5.07530525542929E-17,1.01506105108586E-16));
#1775=CARTESIAN_POINT('',(17.5,-2.21055845928798,-64.5));
#1776=CARTESIAN_POINT('',(-17.5,-2.21055845928798,-64.5));
#1777=VECTOR('',#1778,1.);
#1778=DIRECTION('',(1.,-5.07530525542929E-17,0.));
#1779=CARTESIAN_POINT('',(17.5,-2.21055845928798,12.4));
#1780=VECTOR('',#1781,1.);
#1781=DIRECTION('',(0.,0.,-1.));
#1782=AXIS2_PLACEMENT_3D('',#1783,#1784,#1785);
#1783=CARTESIAN_POINT('',(17.5,2.78944154071202,12.4));
#1784=DIRECTION('',(0.,0.,1.));
#1785=DIRECTION('',(0.,-1.,0.));
#1786=CARTESIAN_POINT('',(22.2140452079103,1.12277487404535,-64.5));
#1787=AXIS2_PLACEMENT_3D('',#1788,#1789,#1790);
#1788=CARTESIAN_POINT('',(17.5,2.78944154071202,-64.5));
#1789=DIRECTION('',(0.,0.,1.));
#1790=DIRECTION('',(7.105427357601E-16,-1.,0.));
#1791=CARTESIAN_POINT('',(22.2140452079103,1.12277487404535,-16.5));
#1792=CARTESIAN_POINT('',(22.2140452079103,1.12277487404535,-16.5));
#1793=VECTOR('',#1794,1.);
#1794=DIRECTION('',(0.,0.,-1.));
#1795=AXIS2_PLACEMENT_3D('',#1796,#1797,#1798);
#1796=CARTESIAN_POINT('',(17.5,2.78944154071202,-16.5));
#1797=DIRECTION('',(0.,0.,-1.));
#1798=DIRECTION('',(4.9960036108132E-16,1.,0.));
#1799=CARTESIAN_POINT('',(20.3284271247462,3.78944154071202,-20.5));
#1800=CARTESIAN_POINT('',(-20.3284271247462,3.78944154071202,-20.5));
#1801=CARTESIAN_POINT('',(20.3284271247462,3.78944154071202,-20.5));
#1802=VECTOR('',#1803,1.);
#1803=DIRECTION('',(-1.,8.73828963008091E-17,0.));
#1804=CARTESIAN_POINT('',(20.3284271247462,3.78944154071202,-64.5));
#1805=CARTESIAN_POINT('',(20.3284271247462,3.78944154071202,-20.5));
#1806=VECTOR('',#1807,1.);
#1807=DIRECTION('',(0.,0.,-1.));
#1808=CARTESIAN_POINT('',(-20.3284271247462,3.78944154071202,-64.5));
#1809=CARTESIAN_POINT('',(20.3284271247462,3.78944154071202,-64.5));
#1810=VECTOR('',#1811,1.);
#1811=DIRECTION('',(-1.,8.73828963008091E-17,0.));
#1812=CARTESIAN_POINT('',(-20.3284271247462,3.78944154071202,-20.5));
#1813=VECTOR('',#1814,1.);
#1814=DIRECTION('',(0.,0.,-1.));
#1815=CARTESIAN_POINT('',(-20.3284271247462,1.78944154071202,-66.5));
#1816=CARTESIAN_POINT('',(-17.5,-0.210558459287982,-66.5));
#1817=AXIS2_PLACEMENT_3D('',#1818,#1819,#1820);
#1818=CARTESIAN_POINT('',(-17.5,2.78944154071202,-66.5));
#1819=DIRECTION('',(0.,0.,1.));
#1820=DIRECTION('',(-0.942809041582063,-0.333333333333333,0.));
#1821=CARTESIAN_POINT('',(20.3284271247462,1.78944154071201,-66.5));
#1822=CARTESIAN_POINT('',(20.3284271247462,1.78944154071202,-66.5));
#1823=VECTOR('',#1824,1.);
#1824=DIRECTION('',(-1.,8.73828963008091E-17,0.));
#1825=CARTESIAN_POINT('',(17.5,-0.210558459287988,-66.5));
#1826=AXIS2_PLACEMENT_3D('',#1827,#1828,#1829);
#1827=CARTESIAN_POINT('',(17.5,2.78944154071202,-66.5));
#1828=DIRECTION('',(0.,0.,1.));
#1829=DIRECTION('',(0.,-1.,0.));
#1830=CARTESIAN_POINT('',(-17.5,-0.210558459287981,-66.5));
#1831=VECTOR('',#1832,1.);
#1832=DIRECTION('',(1.,-5.07530525542929E-17,0.));
#1833=CARTESIAN_POINT('',(19.4794090628415,3.93249643602078,-17.6928904498025));
#1834=CARTESIAN_POINT('',(19.4794781751326,3.93229380380957,-17.6929865088708));
#1835=CARTESIAN_POINT('',(19.4915466714812,3.89065440339452,-17.7127379484737));
#1836=CARTESIAN_POINT('',(19.5040415584912,3.81260650966923,-17.7530697695086));
#1837=CARTESIAN_POINT('',(19.4960932073335,3.7054327140866,-17.8179175091775));
#1838=CARTESIAN_POINT('',(19.4714451900619,3.61399146325241,-17.8807632851354));
#1839=CARTESIAN_POINT('',(19.4357725941582,3.53402444035151,-17.9420900999422));
#1840=CARTESIAN_POINT('',(19.3924004940484,3.46332485697448,-18.0019869744569));
#1841=CARTESIAN_POINT('',(19.341344694884,3.39705393921696,-18.0633792731351));
#1842=CARTESIAN_POINT('',(19.2793446827478,3.33071007615813,-18.1305501714765));
#1843=CARTESIAN_POINT('',(19.196775495119,3.25751827487018,-18.2124083204868));
#1844=CARTESIAN_POINT('',(19.0878979267884,3.17855768210051,-18.3120008367263));
#1845=CARTESIAN_POINT('',(18.9474072612293,3.09624708342813,-18.4318737631849));
#1846=CARTESIAN_POINT('',(18.7817092653831,3.01885516003895,-18.5654014882064));
#1847=CARTESIAN_POINT('',(18.6011312868848,2.95226480595124,-18.704756046399));
#1848=CARTESIAN_POINT('',(18.4229790570779,2.9005012325752,-18.83811747214));
#1849=CARTESIAN_POINT('',(18.2572661192848,2.86261532966065,-18.9595941529253));
#1850=CARTESIAN_POINT('',(18.1069342197786,2.83563759869667,-19.0684234107968));
#1851=CARTESIAN_POINT('',(17.9677051569704,2.81633149669688,-19.1681322611765));
#1852=CARTESIAN_POINT('',(17.8291116058586,2.80221844605168,-19.2675647713285));
#1853=CARTESIAN_POINT('',(17.6988183819713,2.79377411628929,-19.3570552172813));
#1854=CARTESIAN_POINT('',(17.5923601963979,2.79004245034726,-19.4404069852088));
#1855=CARTESIAN_POINT('',(17.5203018143384,2.78944154071202,-19.4776101385313));
#1856=CARTESIAN_POINT('',(17.4999999907353,2.78944154071202,-19.5));
#1857=CARTESIAN_POINT('',(17.5000346751681,4.78944154071804,-17.5));
#1858=CARTESIAN_POINT('',(17.5000346751672,4.78944154072405,-17.5));
#1859=CARTESIAN_POINT('',(17.5111049410202,4.78960214150733,-17.5));
#1860=CARTESIAN_POINT('',(17.5325065757178,4.78951186680253,-17.4999999884382));
#1861=CARTESIAN_POINT('',(17.5645864162152,4.78892231951685,-17.5000000384261));
#1862=CARTESIAN_POINT('',(17.6010404176502,4.78824411125031,-17.5000002972508));
#1863=CARTESIAN_POINT('',(17.6499266832114,4.78675952148234,-17.5000014618901));
#1864=CARTESIAN_POINT('',(17.7199130034389,4.78367359947616,-17.5000068563478));
#1865=CARTESIAN_POINT('',(17.8139930525542,4.77753645208893,-17.5000299651733));
#1866=CARTESIAN_POINT('',(17.9318109388106,4.76660161255363,-17.5001145760309));
#1867=CARTESIAN_POINT('',(18.0718908893427,4.74875645095317,-17.5003743757721));
#1868=CARTESIAN_POINT('',(18.2311234758981,4.72169496373692,-17.5010598930787));
#1869=CARTESIAN_POINT('',(18.409214553449,4.68215248660376,-17.5027008866342));
#1870=CARTESIAN_POINT('',(18.5916578424686,4.62975034143195,-17.5060816269927));
#1871=CARTESIAN_POINT('',(18.7715884824174,4.5639473164656,-17.5123356032539));
#1872=CARTESIAN_POINT('',(18.9312793114291,4.49074876509916,-17.5219016849961));
#1873=CARTESIAN_POINT('',(19.069916406816,4.41167434385431,-17.5354595485522));
#1874=CARTESIAN_POINT('',(19.1785976473557,4.33553884210076,-17.5516776713276));
#1875=CARTESIAN_POINT('',(19.2692462741435,4.25836298248527,-17.5712721610894));
#1876=CARTESIAN_POINT('',(19.349667891497,4.17411650403657,-17.596205246975));
#1877=CARTESIAN_POINT('',(19.4151370876361,4.08335539392646,-17.6278323012426));
#1878=CARTESIAN_POINT('',(19.4574123473834,3.999324010169,-17.6621046787866));
#1879=CARTESIAN_POINT('',(19.4741036705129,3.95078537786256,-17.6842148708012));
#1880=CARTESIAN_POINT('',(19.4794432234202,3.93227361919963,-17.6929960834768));
#1881=CARTESIAN_POINT('',(-17.5,4.78944154071202,-17.5));
#1882=CARTESIAN_POINT('',(-17.5,4.78944154071202,-17.5));
#1883=VECTOR('',#1884,1.);
#1884=DIRECTION('',(1.,-5.07530022723234E-17,0.));
#1885=CARTESIAN_POINT('',(-19.4794667957058,3.9320572247457,-17.6930987886541));
#1886=CARTESIAN_POINT('',(-19.4794530047838,3.93227926674508,-17.6929934045256));
#1887=CARTESIAN_POINT('',(-19.4704203748849,3.96362134686471,-17.6781261380013));
#1888=CARTESIAN_POINT('',(-19.4477884357116,4.02220375065096,-17.6522262747146));
#1889=CARTESIAN_POINT('',(-19.402253317997,4.10139113207891,-17.6215536862485));
#1890=CARTESIAN_POINT('',(-19.3524202705933,4.1683046923704,-17.5985459619388));
#1891=CARTESIAN_POINT('',(-19.2993263952457,4.22754138927924,-17.5802550631839));
#1892=CARTESIAN_POINT('',(-19.2378918313414,4.2859392858954,-17.5640879052824));
#1893=CARTESIAN_POINT('',(-19.1605271572575,4.34864895267047,-17.5487964127497));
#1894=CARTESIAN_POINT('',(-19.0603008169034,4.41719272009526,-17.5345052814471));
#1895=CARTESIAN_POINT('',(-18.9313096410128,4.49052559244059,-17.5219751008959));
#1896=CARTESIAN_POINT('',(-18.7688799853664,4.56533686441321,-17.5121261487013));
#1897=CARTESIAN_POINT('',(-18.5740102904279,4.63609425886699,-17.5055105322467));
#1898=CARTESIAN_POINT('',(-18.3579297172484,4.69560857871381,-17.5019717586336));
#1899=CARTESIAN_POINT('',(-18.1460252822614,4.73787371140553,-17.5005736881452));
#1900=CARTESIAN_POINT('',(-17.9651460877624,4.76314745250021,-17.5001470272823));
#1901=CARTESIAN_POINT('',(-17.8309201395253,4.77618214739276,-17.5000378617659));
#1902=CARTESIAN_POINT('',(-17.7279366556577,4.78326736823328,-17.5000073991911));
#1903=CARTESIAN_POINT('',(-17.6450133867802,4.78704511160855,-17.5000010089834));
#1904=CARTESIAN_POINT('',(-17.568711502506,4.78847948716378,-17.5000001826498));
#1905=CARTESIAN_POINT('',(-17.5222843929738,4.78908961447845,-17.5));
#1906=CARTESIAN_POINT('',(-17.5,4.78944154071202,-17.5));
#1907=CARTESIAN_POINT('',(-17.4999998551685,2.78944154071202,-19.5000000003185));
#1908=CARTESIAN_POINT('',(-17.5005935384449,2.78944154069942,-19.4208978656946));
#1909=CARTESIAN_POINT('',(-17.8619616045603,2.79805143562831,-19.2762334320573));
#1910=CARTESIAN_POINT('',(-18.0967848563768,2.83310442534749,-19.0683260471658));
#1911=CARTESIAN_POINT('',(-18.3653752467514,2.88407084574823,-18.8827322712212));
#1912=CARTESIAN_POINT('',(-18.591889105025,2.94861908027094,-18.711544012768));
#1913=CARTESIAN_POINT('',(-18.7905426306534,3.0221283000506,-18.5586880561032));
#1914=CARTESIAN_POINT('',(-18.9626403019527,3.10430305280224,-18.4192163970812));
#1915=CARTESIAN_POINT('',(-19.1056573882062,3.18987415662538,-18.2964592356757));
#1916=CARTESIAN_POINT('',(-19.2263402932696,3.28070142074147,-18.1845645978192));
#1917=CARTESIAN_POINT('',(-19.3243191424962,3.37510051052165,-18.0837468590041));
#1918=CARTESIAN_POINT('',(-19.3993595984125,3.47092132505447,-17.9944009477108));
#1919=CARTESIAN_POINT('',(-19.4516640072281,3.56427907467049,-17.9177869308318));
#1920=CARTESIAN_POINT('',(-19.4837297633358,3.653059928136,-17.8531131563299));
#1921=CARTESIAN_POINT('',(-19.4998304160682,3.73741461923795,-17.7981387319946));
#1922=CARTESIAN_POINT('',(-19.5002255704817,3.81381352602839,-17.7534445321495));
#1923=CARTESIAN_POINT('',(-19.493300244819,3.87849287954006,-17.7191278610795));
#1924=CARTESIAN_POINT('',(-19.4840924110431,3.91600315090356,-17.7007144238197));
#1925=CARTESIAN_POINT('',(-19.4793955797846,3.93224611538314,-17.6930091304062));
#1926=CARTESIAN_POINT('',(17.5,6.78944154071202,-15.4999984148992));
#1927=CARTESIAN_POINT('',(17.4999998520189,6.78944335602692,-15.5371909094883));
#1928=CARTESIAN_POINT('',(17.4999996165676,6.78723369468476,-15.6162920069562));
#1929=CARTESIAN_POINT('',(17.4999994565551,6.77627740919654,-15.7416034108701));
#1930=CARTESIAN_POINT('',(17.4999993993559,6.75118007199112,-15.9036891524062));
#1931=CARTESIAN_POINT('',(17.4999997534154,6.70207196188025,-16.1000044209642));
#1932=CARTESIAN_POINT('',(17.5000007451617,6.61695360655543,-16.32499228616));
#1933=CARTESIAN_POINT('',(17.5000024073851,6.50040082758774,-16.5460316000877));
#1934=CARTESIAN_POINT('',(17.5000049055627,6.34304085962868,-16.770105605));
#1935=CARTESIAN_POINT('',(17.5000085675682,6.12906474174312,-16.998124129604));
#1936=CARTESIAN_POINT('',(17.5000136387827,5.85012421700716,-17.2087765254318));
#1937=CARTESIAN_POINT('',(17.5000196528055,5.53452575291448,-17.3665846654246));
#1938=CARTESIAN_POINT('',(17.5000255408402,5.23641006048422,-17.4563718641456));
#1939=CARTESIAN_POINT('',(17.5000305256127,4.99006604726083,-17.493704491033));
#1940=CARTESIAN_POINT('',(17.5000334424631,4.84868957508353,-17.500017269776));
#1941=CARTESIAN_POINT('',(17.5000346751681,4.78944154071804,-17.5));
#1942=CARTESIAN_POINT('',(-17.5,6.78944154071202,-15.4999999999999));
#1943=CARTESIAN_POINT('',(-17.5000007416767,6.78944335616216,-15.5371931200491));
#1944=CARTESIAN_POINT('',(-17.5000022243239,6.7872336258777,-15.6162952520683));
#1945=CARTESIAN_POINT('',(-17.5000043391797,6.77627706247386,-15.7416078705354));
#1946=CARTESIAN_POINT('',(-17.5000069879037,6.75117934794576,-15.903694009475));
#1947=CARTESIAN_POINT('',(-17.5000097839044,6.70207089905209,-16.1000089224732));
#1948=CARTESIAN_POINT('',(-17.5000124593168,6.61695244346524,-16.3249957867238));
#1949=CARTESIAN_POINT('',(-17.5000144528153,6.50039984471135,-16.5460339833165));
#1950=CARTESIAN_POINT('',(-17.500015726775,6.34304018738224,-16.7701070695004));
#1951=CARTESIAN_POINT('',(-17.5000159946212,6.12906422359745,-16.9981250853189));
#1952=CARTESIAN_POINT('',(-17.5000146903734,5.85012368470013,-17.208777175231));
#1953=CARTESIAN_POINT('',(-17.5000116785977,5.53452518026251,-17.3665850520816));
#1954=CARTESIAN_POINT('',(-17.5000076970006,5.236409599556,-17.4563720244995));
#1955=CARTESIAN_POINT('',(-17.5000037143414,4.99006579656531,-17.4937045232912));
#1956=CARTESIAN_POINT('',(-17.5000011339618,4.84868949349716,-17.50001727224));
#1957=CARTESIAN_POINT('',(-17.5,4.78944154071202,-17.5));
#1958=CARTESIAN_POINT('',(-18.8080752893977,5.49090177766336,-18.5073849599385));
#1959=CARTESIAN_POINT('',(-22.2140452079103,1.12277487404535,-16.5));
#1960=CARTESIAN_POINT('',(-22.2877666771175,1.33129067722716,-16.6013521900257));
#1961=CARTESIAN_POINT('',(-22.3857392395228,1.73352651428908,-16.7901004724604));
#1962=CARTESIAN_POINT('',(-22.414251592924,2.30339885565411,-17.0457561524524));
#1963=CARTESIAN_POINT('',(-22.3598616195688,2.79902182134219,-17.2627917828171));
#1964=CARTESIAN_POINT('',(-22.2481805301905,3.23766832930676,-17.4525024327924));
#1965=CARTESIAN_POINT('',(-22.0828026193179,3.64516623050012,-17.6280081248131));
#1966=CARTESIAN_POINT('',(-21.869269674328,4.01934465210056,-17.7897140344739));
#1967=CARTESIAN_POINT('',(-21.619417980371,4.34861983704447,-17.9335376670841));
#1968=CARTESIAN_POINT('',(-21.3340290446479,4.64084917189853,-18.0634282169062));
#1969=CARTESIAN_POINT('',(-21.0286357522888,4.88518743435405,-18.1747661597012));
#1970=CARTESIAN_POINT('',(-20.7081552967413,5.08381765342133,-18.2683687519435));
#1971=CARTESIAN_POINT('',(-20.4066558550354,5.22819148445048,-18.3392381994107));
#1972=CARTESIAN_POINT('',(-20.1272500385188,5.33092404121221,-18.3921555384952));
#1973=CARTESIAN_POINT('',(-19.8800409563043,5.39969016799348,-18.4296788563771));
#1974=CARTESIAN_POINT('',(-19.6704397298246,5.44241562304531,-18.4547878538326));
#1975=CARTESIAN_POINT('',(-19.5081822502324,5.46647127201762,-18.4702693421845));
#1976=CARTESIAN_POINT('',(-19.3846189160172,5.48000374509069,-18.4799002184324));
#1977=CARTESIAN_POINT('',(-19.284653955779,5.48804597010943,-18.4863273947368));
#1978=CARTESIAN_POINT('',(-19.1902464773928,5.49312797578401,-18.4912972109013));
#1979=CARTESIAN_POINT('',(-19.0930910816588,5.49579731788866,-18.4953122999986));
#1980=CARTESIAN_POINT('',(-18.9892569150348,5.49677529751761,-18.4982261061429));
#1981=CARTESIAN_POINT('',(-18.8905418002358,5.49523902875716,-18.4997239162351));
#1982=CARTESIAN_POINT('',(-18.8324927634455,5.49149802771973,-18.5));
#1983=CARTESIAN_POINT('',(-18.8080776704929,5.48924390532276,-18.5));
#1984=CARTESIAN_POINT('',(-17.5,5.78944154071202,-18.5));
#1985=AXIS2_PLACEMENT_3D('',#1986,#1987,#1988);
#1986=CARTESIAN_POINT('',(-17.5,5.78944154071202,-16.5));
#1987=DIRECTION('',(-1.,-2.77555756156289E-17,0.));
#1988=DIRECTION('',(-2.77555756156289E-17,1.,0.));
#1989=CARTESIAN_POINT('',(-18.8080705272073,5.49255472949716,-18.5110768921743));
#1990=CARTESIAN_POINT('',(-18.784637833991,5.50298512342346,-18.5103436939628));
#1991=CARTESIAN_POINT('',(-18.7378395696,5.52346983095435,-18.5089585934527));
#1992=CARTESIAN_POINT('',(-18.6675981546279,5.55301426840314,-18.5071241682759));
#1993=CARTESIAN_POINT('',(-18.5977297576304,5.58105690597175,-18.5055504857261));
#1994=CARTESIAN_POINT('',(-18.5282539254376,5.6074704007392,-18.5042297897987));
#1995=CARTESIAN_POINT('',(-18.459674453438,5.63196909748936,-18.5031551436821));
#1996=CARTESIAN_POINT('',(-18.3920624879938,5.65446944666913,-18.502302339807));
#1997=CARTESIAN_POINT('',(-18.3259670408242,5.67477422758448,-18.5016474038178));
#1998=CARTESIAN_POINT('',(-18.2609620103354,5.69301871422669,-18.5011541992577));
#1999=CARTESIAN_POINT('',(-18.1975678298253,5.70907811900691,-18.5007965023601));
#2000=CARTESIAN_POINT('',(-18.1358237469837,5.72297467867587,-18.5005455698782));
#2001=CARTESIAN_POINT('',(-18.0767770761453,5.73469980531917,-18.5003745243213));
#2002=CARTESIAN_POINT('',(-18.0199724560896,5.74465717541374,-18.5002564903705));
#2003=CARTESIAN_POINT('',(-17.9659605699623,5.75299734922617,-18.5001759903397));
#2004=CARTESIAN_POINT('',(-17.9142730380327,5.76001722360364,-18.500120481522));
#2005=CARTESIAN_POINT('',(-17.8654552859784,5.76584382376699,-18.5000824767153));
#2006=CARTESIAN_POINT('',(-17.8185386652128,5.77075726950999,-18.500055839036));
#2007=CARTESIAN_POINT('',(-17.7735559301259,5.77487474322151,-18.5000372169401));
#2008=CARTESIAN_POINT('',(-17.7300267939167,5.77833868729269,-18.5000241047657));
#2009=CARTESIAN_POINT('',(-17.6884876365793,5.78119864281296,-18.5000150322573));
#2010=CARTESIAN_POINT('',(-17.648449283006,5.78357114707331,-18.5000087490928));
#2011=CARTESIAN_POINT('',(-17.60993129031,5.78552054928931,-18.5000045214343));
#2012=CARTESIAN_POINT('',(-17.5724326422766,5.78712444109356,-18.5000018145337));
#2013=CARTESIAN_POINT('',(-17.5359630643022,5.78842576070276,-18.5000003166206));
#2014=CARTESIAN_POINT('',(-17.5119009383496,5.78912899015273,-18.5000000054721));
#2015=CARTESIAN_POINT('',(-17.5,5.78944154071202,-18.5));
#2016=CARTESIAN_POINT('',(17.5,5.78944154071202,-18.5));
#2017=AXIS2_PLACEMENT_3D('',#2018,#2019,#2020);
#2018=CARTESIAN_POINT('',(17.5,5.78944154071202,-16.5));
#2019=DIRECTION('',(-1.,3.483052626275E-17,0.));
#2020=DIRECTION('',(3.483052626275E-17,1.,-6.12323399573677E-17));
#2021=CARTESIAN_POINT('',(-17.5,5.78944154071202,-18.5));
#2022=VECTOR('',#2023,1.);
#2023=DIRECTION('',(1.,-5.07530525542929E-17,0.));
#2024=CARTESIAN_POINT('',(18.8080752893977,5.49090177766336,-18.5073849599385));
#2025=CARTESIAN_POINT('',(22.2140452079103,1.12277487404535,-16.5));
#2026=CARTESIAN_POINT('',(22.2877666771169,1.33129067722525,-16.6013521900248));
#2027=CARTESIAN_POINT('',(22.3857392395217,1.73352651428392,-16.790100472458));
#2028=CARTESIAN_POINT('',(22.4142515929241,2.30339885564461,-17.0457561524482));
#2029=CARTESIAN_POINT('',(22.359861619571,2.79902182132921,-17.2627917828115));
#2030=CARTESIAN_POINT('',(22.248180530195,3.23766832929292,-17.4525024327864));
#2031=CARTESIAN_POINT('',(22.0828026193241,3.64516623048767,-17.6280081248078));
#2032=CARTESIAN_POINT('',(21.8692696743351,4.01934465208972,-17.7897140344692));
#2033=CARTESIAN_POINT('',(21.6194179803774,4.3486198370373,-17.9335376670809));
#2034=CARTESIAN_POINT('',(21.3340290445867,4.64084917196221,-18.0634282169344));
#2035=CARTESIAN_POINT('',(21.0286357519311,4.88518743463395,-18.1747661598291));
#2036=CARTESIAN_POINT('',(20.7081552955886,5.08381765410179,-18.2683687522664));
#2037=CARTESIAN_POINT('',(20.4066558519013,5.22819148587038,-18.3392382001149));
#2038=CARTESIAN_POINT('',(20.1272500320339,5.33092404343074,-18.3921555396536));
#2039=CARTESIAN_POINT('',(19.8800409454872,5.39969017070606,-18.4296788578974));
#2040=CARTESIAN_POINT('',(19.6704397154439,5.44241562566541,-18.4547878554095));
#2041=CARTESIAN_POINT('',(19.5081822336969,5.46647127415713,-18.4702693436332));
#2042=CARTESIAN_POINT('',(19.3846188985698,5.48000374677607,-18.4799002196753));
#2043=CARTESIAN_POINT('',(19.2846539376556,5.48804597132337,-18.486327395804));
#2044=CARTESIAN_POINT('',(19.1902464581454,5.4931279765974,-18.4912972118055));
#2045=CARTESIAN_POINT('',(19.0930910611955,5.4957973181416,-18.49531230072));
#2046=CARTESIAN_POINT('',(18.9892568947108,5.49677529761093,-18.4982261065666));
#2047=CARTESIAN_POINT('',(18.8905417876161,5.49523902811738,-18.4997239163253));
#2048=CARTESIAN_POINT('',(18.8324927585482,5.49149802726754,-18.5));
#2049=CARTESIAN_POINT('',(18.8080776704929,5.48924390532276,-18.5));
#2050=CARTESIAN_POINT('',(18.8080705272073,5.49255472949716,-18.5110768921743));
#2051=CARTESIAN_POINT('',(18.784637833991,5.50298512342346,-18.5103436939628));
#2052=CARTESIAN_POINT('',(18.7378395696,5.52346983095435,-18.5089585934527));
#2053=CARTESIAN_POINT('',(18.6675981546279,5.55301426840313,-18.5071241682759));
#2054=CARTESIAN_POINT('',(18.5977297576304,5.58105690597175,-18.5055504857261));
#2055=CARTESIAN_POINT('',(18.5282539254376,5.60747040073919,-18.5042297897987));
#2056=CARTESIAN_POINT('',(18.459674453438,5.63196909748935,-18.5031551436821));
#2057=CARTESIAN_POINT('',(18.3920624879938,5.65446944666913,-18.502302339807));
#2058=CARTESIAN_POINT('',(18.3259670408242,5.67477422758448,-18.5016474038178));
#2059=CARTESIAN_POINT('',(18.2609620103354,5.69301871422669,-18.5011541992577));
#2060=CARTESIAN_POINT('',(18.1975678298253,5.70907811900691,-18.5007965023601));
#2061=CARTESIAN_POINT('',(18.1358237469837,5.72297467867586,-18.5005455698782));
#2062=CARTESIAN_POINT('',(18.0767770761453,5.73469980531917,-18.5003745243213));
#2063=CARTESIAN_POINT('',(18.0199724560896,5.74465717541374,-18.5002564903705));
#2064=CARTESIAN_POINT('',(17.9659605699623,5.75299734922617,-18.5001759903397));
#2065=CARTESIAN_POINT('',(17.9142730380327,5.76001722360365,-18.500120481522));
#2066=CARTESIAN_POINT('',(17.8654552859783,5.76584382376699,-18.5000824767153));
#2067=CARTESIAN_POINT('',(17.8185386652127,5.77075726950999,-18.500055839036));
#2068=CARTESIAN_POINT('',(17.7735559301258,5.77487474322152,-18.5000372169401));
#2069=CARTESIAN_POINT('',(17.7300267939166,5.77833868729269,-18.5000241047657));
#2070=CARTESIAN_POINT('',(17.6884876365793,5.78119864281297,-18.5000150322573));
#2071=CARTESIAN_POINT('',(17.648449283006,5.78357114707331,-18.5000087490928));
#2072=CARTESIAN_POINT('',(17.60993129031,5.78552054928931,-18.5000045214343));
#2073=CARTESIAN_POINT('',(17.5724326422766,5.78712444109355,-18.5000018145337));
#2074=CARTESIAN_POINT('',(17.5359630643022,5.78842576070276,-18.5000003166206));
#2075=CARTESIAN_POINT('',(17.5119009383496,5.78912899015273,-18.5000000054721));
#2076=CARTESIAN_POINT('',(17.5,5.78944154071202,-18.5));
#2077=AXIS2_PLACEMENT_3D('',#2078,#2079,#2080);
#2078=CARTESIAN_POINT('',(-20.3284271247462,1.78944154071202,-64.5));
#2079=DIRECTION('',(0.,0.,-1.));
#2080=DIRECTION('',(-0.942809041582064,-0.333333333333333,0.));
#2081=CARTESIAN_POINT('',(-20.3284271247462,3.79158871579927,-20.3393519514263));
#2082=CARTESIAN_POINT('',(-22.2140452079103,1.12277487404535,-16.5));
#2083=CARTESIAN_POINT('',(-22.2604256039836,1.25395844435543,-16.6822423632605));
#2084=CARTESIAN_POINT('',(-22.3216285194185,1.50878732651329,-17.0234115560198));
#2085=CARTESIAN_POINT('',(-22.3361604088983,1.87314779035974,-17.4914231917223));
#2086=CARTESIAN_POINT('',(-22.2944750908276,2.19636547897042,-17.8992476542385));
#2087=CARTESIAN_POINT('',(-22.2112411385807,2.48560510384315,-18.2634371960482));
#2088=CARTESIAN_POINT('',(-22.0895044045956,2.75180085803289,-18.6024648031014));
#2089=CARTESIAN_POINT('',(-21.9370453294201,2.98845041053473,-18.9115245498981));
#2090=CARTESIAN_POINT('',(-21.7611378653604,3.19321383235802,-19.1897737776017));
#2091=CARTESIAN_POINT('',(-21.5647340014137,3.36871619667225,-19.4419912169413));
#2092=CARTESIAN_POINT('',(-21.3482397969156,3.51664079908968,-19.6720042396767));
#2093=CARTESIAN_POINT('',(-21.1186128627211,3.63259318432831,-19.8745341926337));
#2094=CARTESIAN_POINT('',(-20.8911214079316,3.71319486741114,-20.0418194243014));
#2095=CARTESIAN_POINT('',(-20.6848903691945,3.76064634667881,-20.1689506326242));
#2096=CARTESIAN_POINT('',(-20.5003856442946,3.78451152239958,-20.2657089313916));
#2097=CARTESIAN_POINT('',(-20.3847263746924,3.78944154071202,-20.3159581983315));
#2098=CARTESIAN_POINT('',(-20.3284271247462,3.78944154071202,-20.3390928295255));
#2099=AXIS2_PLACEMENT_3D('',#2100,#2101,#2102);
#2100=CARTESIAN_POINT('',(-20.3284271247462,5.78944154071202,-20.5));
#2101=DIRECTION('',(1.,-6.27058054265534E-17,0.));
#2102=DIRECTION('',(-6.2503844911697E-17,-0.99677923736913,0.0801944633364204));
#2103=AXIS2_PLACEMENT_3D('',#2104,#2105,#2106);
#2104=CARTESIAN_POINT('',(20.3284271247462,1.78944154071202,-64.5));
#2105=DIRECTION('',(0.,0.,1.));
#2106=DIRECTION('',(0.942809041582063,-0.333333333333333,0.));
#2107=CARTESIAN_POINT('',(20.3284271247462,3.79158871579926,-20.3393519514263));
#2108=AXIS2_PLACEMENT_3D('',#2109,#2110,#2111);
#2109=CARTESIAN_POINT('',(20.3284271247462,5.78944154071202,-20.5));
#2110=DIRECTION('',(1.,-6.27058054265534E-17,0.));
#2111=DIRECTION('',(-6.2503844911697E-17,-0.99677923736913,0.0801944633364204));
#2112=CARTESIAN_POINT('',(22.2140452079103,1.12277487404535,-16.5));
#2113=CARTESIAN_POINT('',(22.2604256039829,1.25395844435359,-16.6822423632581));
#2114=CARTESIAN_POINT('',(22.3216285194176,1.50878732650886,-17.0234115560139));
#2115=CARTESIAN_POINT('',(22.3361604088986,1.87314779035224,-17.4914231917128));
#2116=CARTESIAN_POINT('',(22.2944750908295,2.19636547896094,-17.8992476542266));
#2117=CARTESIAN_POINT('',(22.2112411385848,2.48560510383164,-18.2634371960337));
#2118=CARTESIAN_POINT('',(22.0895044046029,2.75180085801912,-18.6024648030837));
#2119=CARTESIAN_POINT('',(21.9370453294314,2.98845041051923,-18.9115245498776));
#2120=CARTESIAN_POINT('',(21.7611378653767,3.19321383234114,-19.1897737775783));
#2121=CARTESIAN_POINT('',(21.5647340014377,3.36871619665302,-19.4419912169129));
#2122=CARTESIAN_POINT('',(21.3482397969528,3.51664079906678,-19.6720042396397));
#2123=CARTESIAN_POINT('',(21.1186128627772,3.63259318430332,-19.8745341925876));
#2124=CARTESIAN_POINT('',(20.8911214080036,3.71319486738965,-20.0418194242523));
#2125=CARTESIAN_POINT('',(20.684890369265,3.76064634666655,-20.1689506325845));
#2126=CARTESIAN_POINT('',(20.500385644339,3.78451152239692,-20.2657089313711));
#2127=CARTESIAN_POINT('',(20.3847263747093,3.78944154071202,-20.315958198325));
#2128=CARTESIAN_POINT('',(20.3284271247462,3.78944154071202,-20.3390928295255));
#2129=AXIS2_PLACEMENT_3D('',#2130,#2131,#2132);
#2130=CARTESIAN_POINT('',(-20.3284271247462,1.78944154071202,-64.5));
#2131=DIRECTION('',(1.,-7.83822567865284E-17,0.));
#2132=DIRECTION('',(0.,0.,-1.));
#2133=AXIS2_PLACEMENT_3D('',#2134,#2135,#2136);
#2134=CARTESIAN_POINT('',(20.3284271247462,1.78944154071202,-64.5));
#2135=DIRECTION('',(1.,-7.83822567865284E-17,0.));
#2136=DIRECTION('',(0.,0.,-1.));
#2137=CARTESIAN_POINT('',(18.8080776704929,5.49090669817016,-18.5110779876413));
#2138=CARTESIAN_POINT('',(18.8187544344252,5.47078900639629,-18.5126030807845));
#2139=CARTESIAN_POINT('',(18.8401347351323,5.43049223004533,-18.5163391931951));
#2140=CARTESIAN_POINT('',(18.8724461501628,5.37032109168388,-18.5239804936101));
#2141=CARTESIAN_POINT('',(18.9054992226654,5.31061831567701,-18.5336775290941));
#2142=CARTESIAN_POINT('',(18.9390933999511,5.25147287211079,-18.5454137914034));
#2143=CARTESIAN_POINT('',(18.9731018478311,5.19293440537735,-18.5591431607627));
#2144=CARTESIAN_POINT('',(19.0074792321098,5.1351064150752,-18.5748013638394));
#2145=CARTESIAN_POINT('',(19.0421890418389,5.07807517683915,-18.5923533064237));
#2146=CARTESIAN_POINT('',(19.0771632923608,5.02188228371826,-18.6117541016973));
#2147=CARTESIAN_POINT('',(19.1123777837633,4.96656159809991,-18.6329669390512));
#2148=CARTESIAN_POINT('',(19.1478276875927,4.91214246556345,-18.6559544700644));
#2149=CARTESIAN_POINT('',(19.1834606319136,4.85863384206002,-18.6806911824542));
#2150=CARTESIAN_POINT('',(19.219290954077,4.80605013809062,-18.7071547968574));
#2151=CARTESIAN_POINT('',(19.2553175984447,4.75438172513184,-18.7353402978175));
#2152=CARTESIAN_POINT('',(19.291508648222,4.70364768545111,-18.7652392697854));
#2153=CARTESIAN_POINT('',(19.3279117525262,4.65385595645868,-18.7968555752942));
#2154=CARTESIAN_POINT('',(19.3644094774873,4.60503993337638,-18.8301761429422));
#2155=CARTESIAN_POINT('',(19.401000760747,4.55732883332617,-18.8651553033257));
#2156=CARTESIAN_POINT('',(19.4376693355788,4.51080234217958,-18.9016932252176));
#2157=CARTESIAN_POINT('',(19.4741196400384,4.4654781354106,-18.9397108546367));
#2158=CARTESIAN_POINT('',(19.5105095473819,4.42156649295962,-18.9790235492324));
#2159=CARTESIAN_POINT('',(19.5465644625962,4.37915324568206,-19.0194506239552));
#2160=CARTESIAN_POINT('',(19.5821488723368,4.33822805648811,-19.0609110610029));
#2161=CARTESIAN_POINT('',(19.6173253648377,4.29903992157992,-19.103118352243));
#2162=CARTESIAN_POINT('',(19.6519379162141,4.26137435982596,-19.1461555139347));
#2163=CARTESIAN_POINT('',(19.6861584243323,4.22514436301013,-19.1900633294024));
#2164=CARTESIAN_POINT('',(19.7201730783151,4.19028322622143,-19.2348735020699));
#2165=CARTESIAN_POINT('',(19.7539373885118,4.15652810672941,-19.2809293628276));
#2166=CARTESIAN_POINT('',(19.7878050113063,4.12381284966803,-19.3283914978721));
#2167=CARTESIAN_POINT('',(19.822153491669,4.09177992814279,-19.3778859972007));
#2168=CARTESIAN_POINT('',(19.8569279715083,4.06033474392148,-19.4297875613956));
#2169=CARTESIAN_POINT('',(19.8930627251029,4.02911079405093,-19.4851394957772));
#2170=CARTESIAN_POINT('',(19.9307371106777,3.9979481543943,-19.5448299225369));
#2171=CARTESIAN_POINT('',(19.9680687843651,3.96843939030633,-19.6064676347885));
#2172=CARTESIAN_POINT('',(20.0023530073795,3.94302379493398,-19.6646511019781));
#2173=CARTESIAN_POINT('',(20.0301553208277,3.92367724048591,-19.7128488678287));
#2174=CARTESIAN_POINT('',(20.0514188785762,3.90963544986989,-19.7502392435089));
#2175=CARTESIAN_POINT('',(20.0686698055614,3.89847683200828,-19.7815516778457));
#2176=CARTESIAN_POINT('',(20.0866255326707,3.88707126188867,-19.8152718787291));
#2177=CARTESIAN_POINT('',(20.1086143860695,3.87362705746761,-19.8577096333768));
#2178=CARTESIAN_POINT('',(20.1356453257788,3.85842945626523,-19.9103362100347));
#2179=CARTESIAN_POINT('',(20.1657812433295,3.84315309279571,-19.9701517967431));
#2180=CARTESIAN_POINT('',(20.1953485960745,3.82960643429465,-20.0315689518046));
#2181=CARTESIAN_POINT('',(20.222796960064,3.81857369780729,-20.0905145617403));
#2182=CARTESIAN_POINT('',(20.2479962076244,3.8098475132179,-20.1464297106865));
#2183=CARTESIAN_POINT('',(20.2706821190557,3.80321604225941,-20.1986017929715));
#2184=CARTESIAN_POINT('',(20.2912189036735,3.79828875655904,-20.247900236022));
#2185=CARTESIAN_POINT('',(20.310053796593,3.79482442066623,-20.2940733186384));
#2186=CARTESIAN_POINT('',(20.3224121474036,3.79325317896235,-20.3245535239092));
#2187=CARTESIAN_POINT('',(20.3284271247462,3.79266230334289,-20.3393519514263));
#2188=CARTESIAN_POINT('',(-20.3284271247462,3.79266230334289,-20.3393519514263));
#2189=CARTESIAN_POINT('',(-20.3204987278123,3.79344109852794,-20.3198402771355));
#2190=CARTESIAN_POINT('',(-20.3043620128927,3.79564217594746,-20.2800183228378));
#2191=CARTESIAN_POINT('',(-20.2798644151424,3.80077871473098,-20.2202943827114));
#2192=CARTESIAN_POINT('',(-20.2532340413084,3.80813039138925,-20.1581159348631));
#2193=CARTESIAN_POINT('',(-20.2242772564693,3.81793955322729,-20.0936699862066));
#2194=CARTESIAN_POINT('',(-20.1930630789373,3.83053478941804,-20.0266304463076));
#2195=CARTESIAN_POINT('',(-20.1600540500582,3.84587884667753,-19.9585256775975));
#2196=CARTESIAN_POINT('',(-20.1277786035182,3.86264864262052,-19.8949515526153));
#2197=CARTESIAN_POINT('',(-20.1003112225944,3.87859087343989,-19.8415815604273));
#2198=CARTESIAN_POINT('',(-20.079020183899,3.89186540011615,-19.8008426077245));
#2199=CARTESIAN_POINT('',(-20.0611993679229,3.90328853138289,-19.7678494209805));
#2200=CARTESIAN_POINT('',(-20.0418146393379,3.91591701795911,-19.733217187847));
#2201=CARTESIAN_POINT('',(-20.0160900312109,3.93328042002015,-19.6883988194865));
#2202=CARTESIAN_POINT('',(-19.9820980965377,3.95778787863253,-19.6300523856206));
#2203=CARTESIAN_POINT('',(-19.9423104982018,3.98857047762593,-19.5636089444873));
#2204=CARTESIAN_POINT('',(-19.9000938252693,4.02313215013509,-19.4959983513866));
#2205=CARTESIAN_POINT('',(-19.8584080491953,4.05893978241115,-19.431938498314));
#2206=CARTESIAN_POINT('',(-19.8178648911799,4.09567115366578,-19.3715090420939));
#2207=CARTESIAN_POINT('',(-19.7784059142589,4.13270315119657,-19.3150547296044));
#2208=CARTESIAN_POINT('',(-19.7405907452128,4.16974076484117,-19.2624676358487));
#2209=CARTESIAN_POINT('',(-19.7035254012506,4.20719519060025,-19.2127320752966));
#2210=CARTESIAN_POINT('',(-19.6671390842854,4.24509627824426,-19.1655128473076));
#2211=CARTESIAN_POINT('',(-19.6311527023337,4.28389483892991,-19.1200919215178));
#2212=CARTESIAN_POINT('',(-19.5952255064351,4.32352144721217,-19.0764402208984));
#2213=CARTESIAN_POINT('',(-19.5593259299402,4.36432925376352,-19.0341690019333));
#2214=CARTESIAN_POINT('',(-19.5233860714991,4.40632149051221,-18.9932727905534));
#2215=CARTESIAN_POINT('',(-19.4872264119587,4.44950384235667,-18.9537258966367));
#2216=CARTESIAN_POINT('',(-19.451196451569,4.49387804107436,-18.9156113320742));
#2217=CARTESIAN_POINT('',(-19.4151669195659,4.53922928036049,-18.8790948078729));
#2218=CARTESIAN_POINT('',(-19.3793580079504,4.58538976283924,-18.8443025039874));
#2219=CARTESIAN_POINT('',(-19.3439401584917,4.63230478713655,-18.811300423455));
#2220=CARTESIAN_POINT('',(-19.308949138263,4.67965951757041,-18.7802148650578));
#2221=CARTESIAN_POINT('',(-19.2743754904125,4.72753232676263,-18.7509188732156));
#2222=CARTESIAN_POINT('',(-19.2403551554012,4.77572326065564,-18.7234731196966));
#2223=CARTESIAN_POINT('',(-19.206886137546,4.82414612010271,-18.6978545351008));
#2224=CARTESIAN_POINT('',(-19.1742145444307,4.87244081294373,-18.6741656142465));
#2225=CARTESIAN_POINT('',(-19.1422197448029,4.92071150678588,-18.6522663395162));
#2226=CARTESIAN_POINT('',(-19.1109977478511,4.96875549573851,-18.6321683836794));
#2227=CARTESIAN_POINT('',(-19.0804595640468,5.01670396003357,-18.6137433618474));
#2228=CARTESIAN_POINT('',(-19.0474649117509,5.06952710118856,-18.5951794864884));
#2229=CARTESIAN_POINT('',(-19.0119886156135,5.12757187139601,-18.5769209838457));
#2230=CARTESIAN_POINT('',(-18.9742026800496,5.19102053494003,-18.5595599094675));
#2231=CARTESIAN_POINT('',(-18.9403841163526,5.24924308526928,-18.5459343349731));
#2232=CARTESIAN_POINT('',(-18.9103579121543,5.30208409805827,-18.535369930013));
#2233=CARTESIAN_POINT('',(-18.8839751166847,5.34936152328571,-18.5272734893727));
#2234=CARTESIAN_POINT('',(-18.8582565324068,5.3966879698833,-18.5205082549492));
#2235=CARTESIAN_POINT('',(-18.8330501453836,5.44384176624857,-18.5150590715939));
#2236=CARTESIAN_POINT('',(-18.8163808759697,5.47526436903022,-18.5122642145338));
#2237=CARTESIAN_POINT('',(-18.8080776704929,5.49090669817016,-18.5110779876413));
#2238=CARTESIAN_POINT('',(-22.2140452079103,1.12277487404535,-64.5));
#2239=CARTESIAN_POINT('',(-22.2147818897079,1.12492768964148,-64.5204673302353));
#2240=CARTESIAN_POINT('',(-22.2153083511507,1.12751361935017,-64.5444968145239));
#2241=CARTESIAN_POINT('',(-22.2154428689382,1.13172069926129,-64.5824552439535));
#2242=CARTESIAN_POINT('',(-22.2150305802566,1.13599551411986,-64.6201577217476));
#2243=CARTESIAN_POINT('',(-22.2130414907072,1.1423928655023,-64.674386406893));
#2244=CARTESIAN_POINT('',(-22.2090604427562,1.14968925589232,-64.7334504305468));
#2245=CARTESIAN_POINT('',(-22.2032534398216,1.15739223434138,-64.7931489240761));
#2246=CARTESIAN_POINT('',(-22.1949243188065,1.16611140923836,-64.8577606948285));
#2247=CARTESIAN_POINT('',(-22.1827274890265,1.17661400211754,-64.9318599987673));
#2248=CARTESIAN_POINT('',(-22.165150496202,1.18935513736093,-65.0168445944972));
#2249=CARTESIAN_POINT('',(-22.1393342576748,1.20539032179184,-65.1170702255372));
#2250=CARTESIAN_POINT('',(-22.1034618208518,1.22479440662783,-65.2295942127149));
#2251=CARTESIAN_POINT('',(-22.0545214571158,1.24823858894382,-65.3544392182147));
#2252=CARTESIAN_POINT('',(-21.9923539037447,1.2750955738952,-65.4846523490633));
#2253=CARTESIAN_POINT('',(-21.9091112176577,1.3080879094798,-65.6291836737058));
#2254=CARTESIAN_POINT('',(-21.7988796929453,1.34845614211706,-65.7857467571076));
#2255=CARTESIAN_POINT('',(-21.6569449646497,1.39681640158452,-65.9466223682032));
#2256=CARTESIAN_POINT('',(-21.5063512560714,1.44528136616867,-66.0819362985861));
#2257=CARTESIAN_POINT('',(-21.3681718291936,1.4881003142019,-66.1827803293528));
#2258=CARTESIAN_POINT('',(-21.2535273795314,1.52281463060138,-66.2535514257828));
#2259=CARTESIAN_POINT('',(-21.150556881811,1.55349970862148,-66.3083504870037));
#2260=CARTESIAN_POINT('',(-21.0563339431486,1.58122666107687,-66.351530484286));
#2261=CARTESIAN_POINT('',(-20.9732234712679,1.60545195449952,-66.3843839182598));
#2262=CARTESIAN_POINT('',(-20.9075983092199,1.62445386216512,-66.4071461068648));
#2263=CARTESIAN_POINT('',(-20.8538511801565,1.63995312581941,-66.4238724503426));
#2264=CARTESIAN_POINT('',(-20.8065863128651,1.65352441257676,-66.4372019840059));
#2265=CARTESIAN_POINT('',(-20.7600363958974,1.66690272751467,-66.4490229291286));
#2266=CARTESIAN_POINT('',(-20.7145084786827,1.67977136506685,-66.4593442909611));
#2267=CARTESIAN_POINT('',(-20.6697256718561,1.6930612756527,-66.4683608163013));
#2268=CARTESIAN_POINT('',(-20.6249178955694,1.70393060728266,-66.4761443357858));
#2269=CARTESIAN_POINT('',(-20.581722368146,1.72315875884326,-66.4828915284206));
#2270=CARTESIAN_POINT('',(-20.5342227209032,1.71085938481877,-66.4880501304584));
#2271=CARTESIAN_POINT('',(-20.4916108686085,1.73329771669517,-66.4927055944258));
#2272=CARTESIAN_POINT('',(-20.4508617452868,1.74574757243482,-66.4959270709351));
#2273=CARTESIAN_POINT('',(-20.4094917326687,1.76088700988393,-66.4983123929367));
#2274=CARTESIAN_POINT('',(-20.3688461633974,1.77512540728353,-66.49969274743));
#2275=CARTESIAN_POINT('',(-20.3418501503564,1.78468723446912,-66.4999999773239));
#2276=CARTESIAN_POINT('',(-20.3284271247462,1.78944154071202,-66.5));
#2277=AXIS2_PLACEMENT_3D('',#2278,#2279,#2280);
#2278=CARTESIAN_POINT('',(-17.5,-0.210558459287982,-64.5));
#2279=DIRECTION('',(1.,7.21644966006352E-16,0.));
#2280=DIRECTION('',(7.21644966006352E-16,-1.,0.));
#2281=AXIS2_PLACEMENT_3D('',#2282,#2283,#2284);
#2282=CARTESIAN_POINT('',(17.5,-0.210558459287983,-64.5));
#2283=DIRECTION('',(1.,-5.2245789394125E-17,0.));
#2284=DIRECTION('',(-5.2245789394125E-17,-1.,-6.12323399573677E-17));
#2285=CARTESIAN_POINT('',(22.2140452079103,1.12277487404535,-64.5));
#2286=CARTESIAN_POINT('',(22.2140339605151,1.12268525016714,-64.5192503634173));
#2287=CARTESIAN_POINT('',(22.2136424128438,1.12270687659538,-64.5440129157189));
#2288=CARTESIAN_POINT('',(22.212564860075,1.12360538967104,-64.5837142931384));
#2289=CARTESIAN_POINT('',(22.209123650728,1.11945348677727,-64.6228913356158));
#2290=CARTESIAN_POINT('',(22.2147781209771,1.14715812424629,-64.6732476386861));
#2291=CARTESIAN_POINT('',(22.2085997388193,1.14840260059064,-64.733682822684));
#2292=CARTESIAN_POINT('',(22.2033923726881,1.15778024621909,-64.7930788417663));
#2293=CARTESIAN_POINT('',(22.1948814197946,1.16599160072644,-64.8577823343378));
#2294=CARTESIAN_POINT('',(22.1827426427542,1.17665632343407,-64.9318523546878));
#2295=CARTESIAN_POINT('',(22.1651455041597,1.18934119558865,-65.0168471126617));
#2296=CARTESIAN_POINT('',(22.1393359958221,1.20539517617462,-65.1170693488304));
#2297=CARTESIAN_POINT('',(22.1034612690676,1.22479286556036,-65.2295944910175));
#2298=CARTESIAN_POINT('',(22.0545216296767,1.24823907082423,-65.3544391311456));
#2299=CARTESIAN_POINT('',(21.9923538542855,1.27509543578995,-65.4846523740239));
#2300=CARTESIAN_POINT('',(21.9091112357644,1.30808796007875,-65.6291836645814));
#2301=CARTESIAN_POINT('',(21.7988796868996,1.34845612520452,-65.7857467601501));
#2302=CARTESIAN_POINT('',(21.6569449663605,1.39681640636115,-65.9466223673402));
#2303=CARTESIAN_POINT('',(21.5063512557402,1.44528136524036,-66.081936298754));
#2304=CARTESIAN_POINT('',(21.368171829247,1.48810031436848,-66.1827803293246));
#2305=CARTESIAN_POINT('',(21.2535273795624,1.52281463055426,-66.2535514257663));
#2306=CARTESIAN_POINT('',(21.1505568817556,1.55349970864718,-66.3083504870284));
#2307=CARTESIAN_POINT('',(21.0563339432479,1.581226661046,-66.3515304842482));
#2308=CARTESIAN_POINT('',(20.9732234709974,1.60545195457833,-66.3843839183591));
#2309=CARTESIAN_POINT('',(20.9075983094705,1.62445386209267,-66.4071461067773));
#2310=CARTESIAN_POINT('',(20.8538511806861,1.63995312566645,-66.4238724501866));
#2311=CARTESIAN_POINT('',(20.8065863124647,1.65352441269412,-66.4372019841221));
#2312=CARTESIAN_POINT('',(20.7600363948566,1.666902727806,-66.4490229293722));
#2313=CARTESIAN_POINT('',(20.7145084817784,1.67977136420618,-66.4593442902593));
#2314=CARTESIAN_POINT('',(20.669725680131,1.69306127309897,-66.4683608147186));
#2315=CARTESIAN_POINT('',(20.6249179040811,1.70393060595231,-66.4761443343916));
#2316=CARTESIAN_POINT('',(20.5817223789911,1.72315875235124,-66.4828915268597));
#2317=CARTESIAN_POINT('',(20.5342227193373,1.71085938808756,-66.488050130714));
#2318=CARTESIAN_POINT('',(20.4916109344887,1.73329785179701,-66.4927055929913));
#2319=CARTESIAN_POINT('',(20.4508616077783,1.74574722740574,-66.4959270718846));
#2320=CARTESIAN_POINT('',(20.4094918164418,1.76088717601031,-66.4983123918562));
#2321=CARTESIAN_POINT('',(20.3688460960535,1.77512520300719,-66.4996927473504));
#2322=CARTESIAN_POINT('',(20.341850091317,1.78468706436552,-66.4999999774764));
#2323=CARTESIAN_POINT('',(20.3284271247462,1.78944154071201,-66.5));
#2324=CARTESIAN_POINT('',(-17.5,0.789441540712022,-65.5));
#2325=CARTESIAN_POINT('',(-21.5,2.78944154075037,-63.5));
#2326=CARTESIAN_POINT('',(-21.5000001336812,2.78944181195577,-63.518479941486));
#2327=CARTESIAN_POINT('',(-21.4994883283595,2.78892975643731,-63.5553527187325));
#2328=CARTESIAN_POINT('',(-21.4972020709248,2.78664423824942,-63.6103966923676));
#2329=CARTESIAN_POINT('',(-21.4934306464982,2.78287674716249,-63.6649364305837));
#2330=CARTESIAN_POINT('',(-21.4882129595769,2.77767041996107,-63.7188959617457));
#2331=CARTESIAN_POINT('',(-21.481369299544,2.77085179747939,-63.7739824957237));
#2332=CARTESIAN_POINT('',(-21.472481694317,2.76201363276529,-63.8319697674763));
#2333=CARTESIAN_POINT('',(-21.4594639813335,2.74910118095154,-63.9022114805647));
#2334=CARTESIAN_POINT('',(-21.441189275074,2.7310422765547,-63.9826915358791));
#2335=CARTESIAN_POINT('',(-21.4166213927871,2.70690237950138,-64.0710844264266));
#2336=CARTESIAN_POINT('',(-21.3906814883283,2.68158747903827,-64.1494720877358));
#2337=CARTESIAN_POINT('',(-21.3652518839588,2.65694092831422,-64.2167472825948));
#2338=CARTESIAN_POINT('',(-21.3420770303444,2.63461355824036,-64.2723006836849));
#2339=CARTESIAN_POINT('',(-21.3182808523545,2.61182600585044,-64.3245910989689));
#2340=CARTESIAN_POINT('',(-21.2931496830084,2.58791126220745,-64.3755419691227));
#2341=CARTESIAN_POINT('',(-21.2659369725787,2.56219311507451,-64.4265331973665));
#2342=CARTESIAN_POINT('',(-21.2363171085773,2.53441025953602,-64.4778750815682));
#2343=CARTESIAN_POINT('',(-21.2044590846482,2.50477314884619,-64.5289892234172));
#2344=CARTESIAN_POINT('',(-21.1700540940137,2.47305103531927,-64.5801286688911));
#2345=CARTESIAN_POINT('',(-21.1330368098237,2.43924917182472,-64.6311123579439));
#2346=CARTESIAN_POINT('',(-21.0927253998971,2.40282782823773,-64.6825143291168));
#2347=CARTESIAN_POINT('',(-21.0492698419136,2.36402091510197,-64.733738888642));
#2348=CARTESIAN_POINT('',(-20.9995462097273,2.32017858039225,-64.7878573038247));
#2349=CARTESIAN_POINT('',(-20.9406302479518,2.26900513777852,-64.8465683001521));
#2350=CARTESIAN_POINT('',(-20.8565988907276,2.19738825742659,-64.9220785378028));
#2351=CARTESIAN_POINT('',(-20.7452584700714,2.10517037136293,-65.0085436162782));
#2352=CARTESIAN_POINT('',(-20.6040051068022,1.99286360604853,-65.0996432911114));
#2353=CARTESIAN_POINT('',(-20.4604544853744,1.88410264082416,-65.1754297731329));
#2354=CARTESIAN_POINT('',(-20.320729545947,1.78331063726389,-65.236631227972));
#2355=CARTESIAN_POINT('',(-20.1900700888849,1.69328050139462,-65.2850349618948));
#2356=CARTESIAN_POINT('',(-20.0556362662442,1.60507166926789,-65.326965925123));
#2357=CARTESIAN_POINT('',(-19.9134797256184,1.51665689789612,-65.363914055203));
#2358=CARTESIAN_POINT('',(-19.7614887874565,1.42769274857826,-65.3962082006476));
#2359=CARTESIAN_POINT('',(-19.5779822491234,1.32752979208359,-65.4272975929643));
#2360=CARTESIAN_POINT('',(-19.3638988233043,1.22129093110443,-65.4539458360079));
#2361=CARTESIAN_POINT('',(-19.1192871186244,1.11463311090832,-65.4742613207455));
#2362=CARTESIAN_POINT('',(-18.8714996584738,1.02198052094173,-65.4870491981586));
#2363=CARTESIAN_POINT('',(-18.6267050551816,0.945707574608277,-65.4942659825754));
#2364=CARTESIAN_POINT('',(-18.3913958760235,0.886567733686545,-65.4978537962619));
#2365=CARTESIAN_POINT('',(-18.1738035254356,0.844379740441533,-65.4993419659661));
#2366=CARTESIAN_POINT('',(-17.9742332878207,0.816092399744812,-65.4998616953739));
#2367=CARTESIAN_POINT('',(-17.7926546335663,0.798858074555018,-65.4999896936131));
#2368=CARTESIAN_POINT('',(-17.6358048445566,0.790870128283311,-65.5000019836674));
#2369=CARTESIAN_POINT('',(-17.5395285572207,0.789440344310079,-65.4999977084452));
#2370=CARTESIAN_POINT('',(-17.5000005121359,0.789441540712208,-65.5));
#2371=AXIS2_PLACEMENT_3D('',#2372,#2373,#2374);
#2372=CARTESIAN_POINT('',(-17.5,0.789441540712018,-63.5));
#2373=DIRECTION('',(1.,-2.71834567430179E-16,0.));
#2374=DIRECTION('',(-2.71834567430179E-16,-1.,-3.5527136788005E-15));
#2375=CARTESIAN_POINT('',(17.5,0.789441540712013,-65.5));
#2376=AXIS2_PLACEMENT_3D('',#2377,#2378,#2379);
#2377=CARTESIAN_POINT('',(17.5,0.789441540712016,-63.5));
#2378=DIRECTION('',(1.,-7.52693576017055E-17,8.35657738581581E-33));
#2379=DIRECTION('',(-7.52693576017055E-17,-1.,-6.28994211579296E-49));
#2380=CARTESIAN_POINT('',(21.5,2.78944154071202,-63.5));
#2381=CARTESIAN_POINT('',(21.5000001336812,2.78944181194102,-63.5184799414881));
#2382=CARTESIAN_POINT('',(21.4994883283593,2.78892975644402,-63.5553527187379));
#2383=CARTESIAN_POINT('',(21.4972020709244,2.78664423824713,-63.6103966923767));
#2384=CARTESIAN_POINT('',(21.4934306464973,2.78287674716199,-63.6649364305958));
#2385=CARTESIAN_POINT('',(21.4882129595753,2.77767041995932,-63.7188959617607));
#2386=CARTESIAN_POINT('',(21.4813692995416,2.77085179747702,-63.7739824957412));
#2387=CARTESIAN_POINT('',(21.4724816943136,2.76201363276198,-63.8319697674961));
#2388=CARTESIAN_POINT('',(21.459463981329,2.74910118094708,-63.9022114805866));
#2389=CARTESIAN_POINT('',(21.4411892750681,2.73104227654887,-63.9826915359027));
#2390=CARTESIAN_POINT('',(21.4166213927798,2.70690237949419,-64.0710844264508));
#2391=CARTESIAN_POINT('',(21.3906814883198,2.68158747902999,-64.1494720877599));
#2392=CARTESIAN_POINT('',(21.3652518839494,2.65694092830509,-64.2167472826186));
#2393=CARTESIAN_POINT('',(21.3420770303344,2.6346135582307,-64.2723006837079));
#2394=CARTESIAN_POINT('',(21.318280852344,2.61182600584038,-64.3245910989911));
#2395=CARTESIAN_POINT('',(21.2931496829974,2.58791126219704,-64.3755419691441));
#2396=CARTESIAN_POINT('',(21.2659369725674,2.5621931150638,-64.426533197387));
#2397=CARTESIAN_POINT('',(21.2363171085655,2.534410259525,-64.4778750815879));
#2398=CARTESIAN_POINT('',(21.204459084636,2.50477314883489,-64.5289892234361));
#2399=CARTESIAN_POINT('',(21.1700540940011,2.47305103530771,-64.5801286689091));
#2400=CARTESIAN_POINT('',(21.1330368098107,2.43924917181294,-64.631112357961));
#2401=CARTESIAN_POINT('',(21.0927253998837,2.40282782822575,-64.6825143291331));
#2402=CARTESIAN_POINT('',(21.0492698418999,2.3640209150898,-64.7337388886575));
#2403=CARTESIAN_POINT('',(20.9995462097132,2.32017858037994,-64.7878573038393));
#2404=CARTESIAN_POINT('',(20.9406302479373,2.26900513776612,-64.8465683001658));
#2405=CARTESIAN_POINT('',(20.8565988907127,2.19738825741406,-64.9220785378151));
#2406=CARTESIAN_POINT('',(20.7452584700561,2.10517037135043,-65.0085436162891));
#2407=CARTESIAN_POINT('',(20.6040051067864,1.99286360603626,-65.0996432911207));
#2408=CARTESIAN_POINT('',(20.4604544853583,1.88410264081224,-65.1754297731406));
#2409=CARTESIAN_POINT('',(20.3207295459307,1.78331063725243,-65.2366312279785));
#2410=CARTESIAN_POINT('',(20.1900700888686,1.69328050138364,-65.2850349619003));
#2411=CARTESIAN_POINT('',(20.0556362662279,1.60507166925744,-65.3269659251276));
#2412=CARTESIAN_POINT('',(19.9134797256021,1.51665689788632,-65.3639140552068));
#2413=CARTESIAN_POINT('',(19.7614887874404,1.42769274856914,-65.3962082006506));
#2414=CARTESIAN_POINT('',(19.5779822491076,1.32752979207541,-65.4272975929665));
#2415=CARTESIAN_POINT('',(19.3638988232891,1.22129093109734,-65.4539458360094));
#2416=CARTESIAN_POINT('',(19.1192871186099,1.11463311090255,-65.4742613207464));
#2417=CARTESIAN_POINT('',(18.8714996584605,1.02198052093714,-65.4870491981591));
#2418=CARTESIAN_POINT('',(18.6267050551697,0.945707574604958,-65.4942659825757));
#2419=CARTESIAN_POINT('',(18.3913958760133,0.886567733684482,-65.497853796262));
#2420=CARTESIAN_POINT('',(18.1738035254272,0.844379740439859,-65.4993419659662));
#2421=CARTESIAN_POINT('',(17.9742332878143,0.816092399745066,-65.4998616953739));
#2422=CARTESIAN_POINT('',(17.7926546335622,0.798858074554653,-65.4999896936131));
#2423=CARTESIAN_POINT('',(17.6358048445549,0.790870128283382,-65.5000019836674));
#2424=CARTESIAN_POINT('',(17.5395285572198,0.789440344310133,-65.4999977084452));
#2425=CARTESIAN_POINT('',(17.5000005121352,0.789441540712194,-65.5));
#2426=CARTESIAN_POINT('',(-17.5,6.78944154071202,12.2));
#2427=VECTOR('',#2428,1.);
#2428=DIRECTION('',(0.,0.70710678118655,0.707106781186545));
#2429=CARTESIAN_POINT('',(-17.5,-1.21055845928798,12.2));
#2430=VECTOR('',#2431,1.);
#2431=DIRECTION('',(0.,-0.70710678118655,0.707106781186545));
#2432=CARTESIAN_POINT('',(17.5,6.78944154071202,12.2));
#2433=VECTOR('',#2434,1.);
#2434=DIRECTION('',(0.,0.707106781186548,0.707106781186546));
#2435=CARTESIAN_POINT('',(17.5,-1.21055845928798,12.2));
#2436=VECTOR('',#2437,1.);
#2437=DIRECTION('',(0.,-0.707106781186549,0.707106781186546));
#2438=AXIS2_PLACEMENT_3D('',#2439,#2440,#2441);
#2439=CARTESIAN_POINT('',(-17.5,7.68944154071202,12.4));
#2440=DIRECTION('',(1.,-4.96189061284986E-17,-4.96189061284986E-17));
#2441=DIRECTION('',(4.96189061284986E-17,1.,6.12323399573677E-17));
#2442=AXIS2_PLACEMENT_3D('',#2443,#2444,#2445);
#2443=CARTESIAN_POINT('',(17.5,7.68944154071202,12.4));
#2444=DIRECTION('',(1.,-2.84494650060196E-16,0.));
#2445=DIRECTION('',(2.84494650060196E-16,1.,1.77635683940026E-14));
#2446=AXIS2_PLACEMENT_3D('',#2447,#2448,#2449);
#2447=CARTESIAN_POINT('',(-17.5,-2.11055845928798,12.4));
#2448=DIRECTION('',(-1.,9.92261828258734E-16,0.));
#2449=DIRECTION('',(-9.92261828258734E-16,-1.,1.77635683940025E-14));
#2450=AXIS2_PLACEMENT_3D('',#2451,#2452,#2453);
#2451=CARTESIAN_POINT('',(17.5,-2.11055845928798,12.4));
#2452=DIRECTION('',(-1.,4.96189061284986E-17,-4.96189061284986E-17));
#2453=DIRECTION('',(-4.96189061284986E-17,-1.,6.12323399573677E-17));
ENDSEC;
END-ISO-10303-21;
